Workbook

Sheet Pre-MoneyBall(1993-2002)
A1: playerID | B1: yearID | C1: POSITION | D1: teamID | E1: lgID | F1: AB | G1: R | H1: H | I1: 2B | J1: 3B | K1: HR | L1: RBI | M1: BB | N1: SO | O1: IBB | P1: HBP | Q1: SH | R1: SF | S1: GIDP | T1: startingPos | U1: Batting Average | V1: On base percentage | W1: Slugging (Power) | X1: OPS (Offensive Value) | Y1: Walk % | Z1: Strikeout % | AA1: ISO (isolated power)
A2: alomaro01 | B2: 1993 | C2: =VLOOKUP(Pre[[#This Row],[startingPos]],AD3:AE12,2) -> #N/A | D2: TOR | E2: AL | F2: 589 | G2: 109 | H2: 192 | I2: 35 | J2: 6 | K2: 17 | L2: 93 | M2: 80 | N2: 67 | O2: 5.0 | P2: 5.0 | Q2: 4.0 | R2: 5.0 | S2: 13.0 | T2: 4.0 | U2: =H2/F2 -> 0.32597623 | V2: =(H2+M2+O2+P2)/(F2+M2+O2+P2+R2) -> 0.4122807 | W2: =((H2-I2-J2-K2)+(2*I2)+(3*J2)+(4*K2))/F2 -> 0.49235993 | X2: =V2+W2 -> 0.90464063 | Y2: =M2/(M2+F2) -> 0.11958146 | Z2: =N2/(N2+F2) -> 0.10213415 | AA2: =W2-U2 -> 0.1663837 | AD2: starting position references
A3: boggswa01 | B3: 1993 | C3: 1 | D3: NYA | E3: AL | F3: 560 | G3: 83 | H3: 169 | I3: 26 | J3: 1 | K3: 2 | L3: 59 | M3: 74 | N3: 49 | O3: 4.0 | P3: 0.0 | Q3: 1.0 | R3: 9.0 | S3: 10.0 | T3: 5.0 | U3: =H3/F3 -> 0.30178571 | V3: =(H3+M3+O3+P3)/(F3+M3+O3+P3+R3) -> 0.38176198 | W3: =((H3-I3-J3-K3)+(2*I3)+(3*J3)+(4*K3))/F3 -> 0.3625 | X3: =V3+W3 -> 0.74426198 | Y3: =M3/(M3+F3) -> 0.11671924 | Z3: =N3/(N3+F3) -> 0.08045977 | AA3: =W3-U3 -> 0.060714286 | AD3: 1 | AE3: P
A4: bondsba01 | B4: 1993 | C4: 1 | D4: SFN | E4: NL | F4: 539 | G4: 129 | H4: 181 | I4: 38 | J4: 4 | K4: 46 | L4: 123 | M4: 126 | N4: 79 | O4: 43.0 | P4: 2.0 | Q4: 0.0 | R4: 7.0 | S4: 11.0 | T4: 7.0 | U4: =H4/F4 -> 0.33580705 | V4: =(H4+M4+O4+P4)/(F4+M4+O4+P4+R4) -> 0.49093445 | W4: =((H4-I4-J4-K4)+(2*I4)+(3*J4)+(4*K4))/F4 -> 0.67717996 | X4: =V4+W4 -> 1.1681144 | Y4: =M4/(M4+F4) -> 0.18947368 | Z4: =N4/(N4+F4) -> 0.12783172 | AA4: =W4-U4 -> 0.34137291 | AD4: 2 | AE4: C
A5: cartejo01 | B5: 1993 | C5: 1 | D5: TOR | E5: AL | F5: 603 | G5: 92 | H5: 153 | I5: 33 | J5: 5 | K5: 33 | L5: 121 | M5: 47 | N5: 113 | O5: 5.0 | P5: 9.0 | Q5: 0.0 | R5: 10.0 | S5: 10.0 | T5: 9.0 | U5: =H5/F5 -> 0.25373134 | V5: =(H5+M5+O5+P5)/(F5+M5+O5+P5+R5) -> 0.31750742 | W5: =((H5-I5-J5-K5)+(2*I5)+(3*J5)+(4*K5))/F5 -> 0.48922056 | X5: =V5+W5 -> 0.80672798 | Y5: =M5/(M5+F5) -> 0.072307692 | Z5: =N5/(N5+F5) -> 0.15782123 | AA5: =W5-U5 -> 0.23548922 | AD5: 3 | AE5: 1B
A6: daultda01 | B6: 1993 | C6: 1 | D6: PHI | E6: NL | F6: 510 | G6: 90 | H6: 131 | I6: 35 | J6: 4 | K6: 24 | L6: 105 | M6: 117 | N6: 111 | O6: 12.0 | P6: 2.0 | Q6: 0.0 | R6: 8.0 | S6: 2.0 | T6: 2.0 | U6: =H6/F6 -> 0.25686275 | V6: =(H6+M6+O6+P6)/(F6+M6+O6+P6+R6) -> 0.403698 | W6: =((H6-I6-J6-K6)+(2*I6)+(3*J6)+(4*K6))/F6 -> 0.48235294 | X6: =V6+W6 -> 0.88605094 | Y6: =M6/(M6+F6) -> 0.18660287 | Z6: =N6/(N6+F6) -> 0.17874396 | AA6: =W6-U6 -> 0.2254902 | AD6: 4 | AE6: 2B
A7: gracema01 | B7: 1993 | C7: 1 | D7: CHN | E7: NL | F7: 594 | G7: 86 | H7: 193 | I7: 39 | J7: 4 | K7: 14 | L7: 98 | M7: 71 | N7: 32 | O7: 14.0 | P7: 1.0 | Q7: 1.0 | R7: 9.0 | S7: 25.0 | T7: 10.0 | U7: =H7/F7 -> 0.32491582 | V7: =(H7+M7+O7+P7)/(F7+M7+O7+P7+R7) -> 0.40493469 | W7: =((H7-I7-J7-K7)+(2*I7)+(3*J7)+(4*K7))/F7 -> 0.47474747 | X7: =V7+W7 -> 0.87968216 | Y7: =M7/(M7+F7) -> 0.10676692 | Z7: =N7/(N7+F7) -> 0.051118211 | AA7: =W7-U7 -> 0.14983165 | AD7: 5 | AE7: 3B
A8: griffke02 | B8: 1993 | C8: 1 | D8: SEA | E8: AL | F8: 582 | G8: 113 | H8: 180 | I8: 38 | J8: 3 | K8: 45 | L8: 109 | M8: 96 | N8: 91 | O8: 25.0 | P8: 6.0 | Q8: 0.0 | R8: 7.0 | S8: 14.0 | T8: 8.0 | U8: =H8/F8 -> 0.30927835 | V8: =(H8+M8+O8+P8)/(F8+M8+O8+P8+R8) -> 0.42877095 | W8: =((H8-I8-J8-K8)+(2*I8)+(3*J8)+(4*K8))/F8 -> 0.61683849 | X8: =V8+W8 -> 1.0456094 | Y8: =M8/(M8+F8) -> 0.14159292 | Z8: =N8/(N8+F8) -> 0.13521545 | AA8: =W8-U8 -> 0.30756014 | AD8: 6 | AE8: SS
A9: grissma02 | B9: 1993 | C9: 1 | D9: MON | E9: NL | F9: 630 | G9: 104 | H9: 188 | I9: 27 | J9: 2 | K9: 19 | L9: 95 | M9: 52 | N9: 76 | O9: 6.0 | P9: 3.0 | Q9: 0.0 | R9: 8.0 | S9: 9.0 | T9: 8.0 | U9: =H9/F9 -> 0.2984127 | V9: =(H9+M9+O9+P9)/(F9+M9+O9+P9+R9) -> 0.35622318 | W9: =((H9-I9-J9-K9)+(2*I9)+(3*J9)+(4*K9))/F9 -> 0.43809524 | X9: =V9+W9 -> 0.79431841 | Y9: =M9/(M9+F9) -> 0.076246334 | Z9: =N9/(N9+F9) -> 0.10764873 | AA9: =W9-U9 -> 0.13968254 | AD9: 7 | AE9: OF
A10: justida01 | B10: 1993 | C10: 1 | D10: ATL | E10: NL | F10: 585 | G10: 90 | H10: 158 | I10: 15 | J10: 4 | K10: 40 | L10: 120 | M10: 78 | N10: 90 | O10: 12.0 | P10: 3.0 | Q10: 0.0 | R10: 4.0 | S10: 9.0 | T10: 9.0 | U10: =H10/F10 -> 0.27008547 | V10: =(H10+M10+O10+P10)/(F10+M10+O10+P10+R10) -> 0.36803519 | W10: =((H10-I10-J10-K10)+(2*I10)+(3*J10)+(4*K10))/F10 -> 0.51452991 | X10: =V10+W10 -> 0.88256511 | Y10: =M10/(M10+F10) -> 0.11764706 | Z10: =N10/(N10+F10) -> 0.13333333 | AA10: =W10-U10 -> 0.24444444 | AD10: 8 | AE10: OF
A11: krukjo01 | B11: 1993 | C11: 1 | D11: PHI | E11: NL | F11: 535 | G11: 100 | H11: 169 | I11: 33 | J11: 5 | K11: 14 | L11: 85 | M11: 111 | N11: 87 | O11: 10.0 | P11: 0.0 | Q11: 0.0 | R11: 5.0 | S11: 11.0 | T11: 3.0 | U11: =H11/F11 -> 0.31588785 | V11: =(H11+M11+O11+P11)/(F11+M11+O11+P11+R11) -> 0.4387292 | W11: =((H11-I11-J11-K11)+(2*I11)+(3*J11)+(4*K11))/F11 -> 0.47476636 | X11: =V11+W11 -> 0.91349555 | Y11: =M11/(M11+F11) -> 0.17182663 | Z11: =N11/(N11+F11) -> 0.13987138 | AA11: =W11-U11 -> 0.1588785 | AD11: 9 | AE11: OF
A12: langsma01 | B12: 1993 | C12: 1 | D12: CAL | E12: AL | T12: 1.0 | U12: =H12/F12 -> #DIV/0! | V12: =(H12+M12+O12+P12)/(F12+M12+O12+P12+R12) -> #VALUE! | W12: =((H12-I12-J12-K12)+(2*I12)+(3*J12)+(4*K12))/F12 -> #DIV/0! | X12: =V12+W12 -> #VALUE! | Y12: =M12/(M12+F12) -> #DIV/0! | Z12: =N12/(N12+F12) -> #DIV/0! | AA12: =W12-U12 -> #DIV/0! | AD12: 10 | AE12: DH
A13: larkiba01 | B13: 1993 | C13: 1 | D13: CIN | E13: NL | F13: 384 | G13: 57 | H13: 121 | I13: 20 | J13: 3 | K13: 8 | L13: 51 | M13: 51 | N13: 33 | O13: 6.0 | P13: 1.0 | Q13: 1.0 | R13: 3.0 | S13: 13.0 | T13: 6.0 | U13: =H13/F13 -> 0.31510417 | V13: =(H13+M13+O13+P13)/(F13+M13+O13+P13+R13) -> 0.40224719 | W13: =((H13-I13-J13-K13)+(2*I13)+(3*J13)+(4*K13))/F13 -> 0.4453125 | X13: =V13+W13 -> 0.84755969 | Y13: =M13/(M13+F13) -> 0.11724138 | Z13: =N13/(N13+F13) -> 0.079136691 | AA13: =W13-U13 -> 0.13020833
A14: molitpa01 | B14: 1993 | C14: 1 | D14: TOR | E14: AL | F14: 636 | G14: 121 | H14: 211 | I14: 37 | J14: 5 | K14: 22 | L14: 111 | M14: 77 | N14: 71 | O14: 3.0 | P14: 3.0 | Q14: 1.0 | R14: 8.0 | S14: 13.0 | T14: 10.0 | U14: =H14/F14 -> 0.33176101 | V14: =(H14+M14+O14+P14)/(F14+M14+O14+P14+R14) -> 0.40440165 | W14: =((H14-I14-J14-K14)+(2*I14)+(3*J14)+(4*K14))/F14 -> 0.50943396 | X14: =V14+W14 -> 0.91383561 | Y14: =M14/(M14+F14) -> 0.10799439 | Z14: =N14/(N14+F14) -> 0.10042433 | AA14: =W14-U14 -> 0.17767296
A15: mulhote01 | B15: 1993 | C15: 1 | D15: PHI | E15: NL | F15: 62 | G15: 3 | H15: 4 | I15: 0 | J15: 0 | K15: 0 | L15: 0 | M15: 1 | N15: 27 | O15: 0.0 | P15: 0.0 | Q15: 8.0 | R15: 0.0 | S15: 0.0 | T15: 1.0 | U15: =H15/F15 -> 0.064516129 | V15: =(H15+M15+O15+P15)/(F15+M15+O15+P15+R15) -> 0.079365079 | W15: =((H15-I15-J15-K15)+(2*I15)+(3*J15)+(4*K15))/F15 -> 0.064516129 | X15: =V15+W15 -> 0.14388121 | Y15: =M15/(M15+F15) -> 0.015873016 | Z15: =N15/(N15+F15) -> 0.30337079 | AA15: =W15-U15 -> 0
A16: olerujo01 | B16: 1993 | C16: 1 | D16: TOR | E16: AL | F16: 551 | G16: 109 | H16: 200 | I16: 54 | J16: 2 | K16: 24 | L16: 107 | M16: 114 | N16: 65 | O16: 33.0 | P16: 7.0 | Q16: 0.0 | R16: 7.0 | S16: 12.0 | T16: 3.0 | U16: =H16/F16 -> 0.36297641 | V16: =(H16+M16+O16+P16)/(F16+M16+O16+P16+R16) -> 0.49719101 | W16: =((H16-I16-J16-K16)+(2*I16)+(3*J16)+(4*K16))/F16 -> 0.59891107 | X16: =V16+W16 -> 1.0961021 | Y16: =M16/(M16+F16) -> 0.17142857 | Z16: =N16/(N16+F16) -> 0.10551948 | AA16: =W16-U16 -> 0.23593466
A17: puckeki01 | B17: 1993 | C17: 1 | D17: MIN | E17: AL | F17: 622 | G17: 89 | H17: 184 | I17: 39 | J17: 3 | K17: 22 | L17: 89 | M17: 47 | N17: 93 | O17: 7.0 | P17: 7.0 | Q17: 1.0 | R17: 5.0 | S17: 15.0 | T17: 7.0 | U17: =H17/F17 -> 0.29581994 | V17: =(H17+M17+O17+P17)/(F17+M17+O17+P17+R17) -> 0.35610465 | W17: =((H17-I17-J17-K17)+(2*I17)+(3*J17)+(4*K17))/F17 -> 0.47427653 | X17: =V17+W17 -> 0.83038118 | Y17: =M17/(M17+F17) -> 0.070254111 | Z17: =N17/(N17+F17) -> 0.13006993 | AA17: =W17-U17 -> 0.17845659
A18: ripkeca01 | B18: 1993 | C18: 1 | D18: BAL | E18: AL | F18: 641 | G18: 87 | H18: 165 | I18: 26 | J18: 3 | K18: 24 | L18: 90 | M18: 65 | N18: 58 | O18: 19.0 | P18: 6.0 | Q18: 0.0 | R18: 6.0 | S18: 17.0 | T18: 6.0 | U18: =H18/F18 -> 0.2574103 | V18: =(H18+M18+O18+P18)/(F18+M18+O18+P18+R18) -> 0.34599729 | W18: =((H18-I18-J18-K18)+(2*I18)+(3*J18)+(4*K18))/F18 -> 0.41965679 | X18: =V18+W18 -> 0.76565407 | Y18: =M18/(M18+F18) -> 0.092067989 | Z18: =N18/(N18+F18) -> 0.08297568 | AA18: =W18-U18 -> 0.16224649
A19: rodriiv01 | B19: 1993 | C19: 1 | D19: TEX | E19: AL | F19: 473 | G19: 56 | H19: 129 | I19: 28 | J19: 4 | K19: 10 | L19: 66 | M19: 29 | N19: 70 | O19: 3.0 | P19: 4.0 | Q19: 5.0 | R19: 8.0 | S19: 16.0 | T19: 2.0 | U19: =H19/F19 -> 0.27272727 | V19: =(H19+M19+O19+P19)/(F19+M19+O19+P19+R19) -> 0.31914894 | W19: =((H19-I19-J19-K19)+(2*I19)+(3*J19)+(4*K19))/F19 -> 0.41226216 | X19: =V19+W19 -> 0.73141109 | Y19: =M19/(M19+F19) -> 0.057768924 | Z19: =N19/(N19+F19) -> 0.12891344 | AA19: =W19-U19 -> 0.13953488
A20: sandbry01 | B20: 1993 | C20: 1 | D20: CHN | E20: NL | F20: 456 | G20: 67 | H20: 141 | I20: 20 | J20: 0 | K20: 9 | L20: 45 | M20: 37 | N20: 62 | O20: 1.0 | P20: 2.0 | Q20: 2.0 | R20: 6.0 | S20: 12.0 | T20: 4.0 | U20: =H20/F20 -> 0.30921053 | V20: =(H20+M20+O20+P20)/(F20+M20+O20+P20+R20) -> 0.36055777 | W20: =((H20-I20-J20-K20)+(2*I20)+(3*J20)+(4*K20))/F20 -> 0.4122807 | X20: =V20+W20 -> 0.77283847 | Y20: =M20/(M20+F20) -> 0.07505071 | Z20: =N20/(N20+F20) -> 0.11969112 | AA20: =W20-U20 -> 0.10307018
A21: sheffga01 | B21: 1993 | C21: 1 | D21: SDN | E21: NL | F21: 258 | G21: 34 | H21: 76 | I21: 12 | J21: 2 | K21: 10 | L21: 36 | M21: 18 | N21: 30 | O21: 0.0 | P21: 3.0 | Q21: 0.0 | R21: 3.0 | S21: 9.0 | T21: 5.0 | U21: =H21/F21 -> 0.29457364 | V21: =(H21+M21+O21+P21)/(F21+M21+O21+P21+R21) -> 0.34397163 | W21: =((H21-I21-J21-K21)+(2*I21)+(3*J21)+(4*K21))/F21 -> 0.47286822 | X21: =V21+W21 -> 0.81683985 | Y21: =M21/(M21+F21) -> 0.065217391 | Z21: =N21/(N21+F21) -> 0.10416667 | AA21: =W21-U21 -> 0.17829457
A22: sheffga01 | B22: 1993 | C22: 2 | D22: FLO | E22: NL | F22: 236 | G22: 33 | H22: 69 | I22: 8 | J22: 3 | K22: 10 | L22: 37 | M22: 29 | N22: 34 | O22: 6.0 | P22: 6.0 | Q22: 0.0 | R22: 4.0 | S22: 2.0 | T22: 5.0 | U22: =H22/F22 -> 0.29237288 | V22: =(H22+M22+O22+P22)/(F22+M22+O22+P22+R22) -> 0.39145907 | W22: =((H22-I22-J22-K22)+(2*I22)+(3*J22)+(4*K22))/F22 -> 0.47881356 | X22: =V22+W22 -> 0.87027263 | Y22: =M22/(M22+F22) -> 0.10943396 | Z22: =N22/(N22+F22) -> 0.12592593 | AA22: =W22-U22 -> 0.18644068
A23: alomaro01 | B23: 1994 | C23: 1 | D23: TOR | E23: AL | F23: 392 | G23: 78 | H23: 120 | I23: 25 | J23: 4 | K23: 8 | L23: 38 | M23: 51 | N23: 41 | O23: 2.0 | P23: 2.0 | Q23: 7.0 | R23: 3.0 | S23: 14.0 | T23: 4.0 | U23: =H23/F23 -> 0.30612245 | V23: =(H23+M23+O23+P23)/(F23+M23+O23+P23+R23) -> 0.38888889 | W23: =((H23-I23-J23-K23)+(2*I23)+(3*J23)+(4*K23))/F23 -> 0.45153061 | X23: =V23+W23 -> 0.8404195 | Y23: =M23/(M23+F23) -> 0.11512415 | Z23: =N23/(N23+F23) -> 0.094688222 | AA23: =W23-U23 -> 0.14540816
A24: boggswa01 | B24: 1994 | C24: 1 | D24: NYA | E24: AL | F24: 366 | G24: 61 | H24: 125 | I24: 19 | J24: 1 | K24: 11 | L24: 55 | M24: 61 | N24: 29 | O24: 3.0 | P24: 1.0 | Q24: 2.0 | R24: 4.0 | S24: 10.0 | T24: 5.0 | U24: =H24/F24 -> 0.34153005 | V24: =(H24+M24+O24+P24)/(F24+M24+O24+P24+R24) -> 0.43678161 | W24: =((H24-I24-J24-K24)+(2*I24)+(3*J24)+(4*K24))/F24 -> 0.48907104 | X24: =V24+W24 -> 0.92585265 | Y24: =M24/(M24+F24) -> 0.14285714 | Z24: =N24/(N24+F24) -> 0.073417722 | AA24: =W24-U24 -> 0.14754098
... A31: justida01 | B31: 1994 | C31: 1 | D31: ATL | E31: NL | F31: 352 | G31: 61 | H31: 110 | I31: 16 | J31: 2 | K31: 19 | L31: 59 | M31: 69 | N31: 45 | O31: 5.0 | P31: 2.0 | Q31: 0.0 | R31: 1.0 | S31: 8.0 | T31: 9.0 | U31: =H31/F31 -> 0.3125 | V31: =(H31+M31+O31+P31)/(F31+M31+O31+P31+R31) -> 0.43356643 | W31: =((H31-I31-J31-K31)+(2*I31)+(3*J31)+(4*K31))/F31 -> 0.53125 | X31: =V31+W31 -> 0.96481643 | Y31: =M31/(M31+F31) -> 0.16389549 | Z31: =N31/(N31+F31) -> 0.11335013 | AA31: =W31-U31 -> 0.21875
A32: keyji01 | B32: 1994 | C32: 1 | D32: NYA | E32: AL | T32: 1.0 | U32: =H32/F32 -> #DIV/0! | V32: =(H32+M32+O32+P32)/(F32+M32+O32+P32+R32) -> #VALUE! | W32: =((H32-I32-J32-K32)+(2*I32)+(3*J32)+(4*K32))/F32 -> #DIV/0! | X32: =V32+W32 -> #VALUE! | Y32: =M32/(M32+F32) -> #DIV/0! | Z32: =N32/(N32+F32) -> #DIV/0! | AA32: =W32-U32 -> #DIV/0!
A33: maddugr01 | B33: 1994 | C33: 1 | D33: ATL | E33: NL | F33: 63 | G33: 5 | H33: 14 | I33: 2 | J33: 0 | K33: 0 | L33: 2 | M33: 1 | N33: 19 | O33: 0.0 | P33: 0.0 | Q33: 9.0 | R33: 0.0 | S33: 2.0 | T33: 1.0 | U33: =H33/F33 -> 0.22222222 | V33: =(H33+M33+O33+P33)/(F33+M33+O33+P33+R33) -> 0.234375 | W33: =((H33-I33-J33-K33)+(2*I33)+(3*J33)+(4*K33))/F33 -> 0.25396825 | X33: =V33+W33 -> 0.48834325 | Y33: =M33/(M33+F33) -> 0.015625 | Z33: =N33/(N33+F33) -> 0.23170732 | AA33: =W33-U33 -> 0.031746032
A34: piazzmi01 | B34: 1994 | C34: 1 | D34: LAN | E34: NL | F34: 405 | G34: 64 | H34: 129 | I34: 18 | J34: 0 | K34: 24 | L34: 92 | M34: 33 | N34: 65 | O34: 10.0 | P34: 1.0 | Q34: 0.0 | R34: 2.0 | S34: 11.0 | T34: 2.0 | U34: =H34/F34 -> 0.31851852 | V34: =(H34+M34+O34+P34)/(F34+M34+O34+P34+R34) -> 0.38359202 | W34: =((H34-I34-J34-K34)+(2*I34)+(3*J34)+(4*K34))/F34 -> 0.54074074 | X34: =V34+W34 -> 0.92433276 | Y34: =M34/(M34+F34) -> 0.075342466 | Z34: =N34/(N34+F34) -> 0.13829787 | AA34: =W34-U34 -> 0.22222222
A35: puckeki01 | B35: 1994 | C35: 1 | D35: MIN | E35: AL | F35: 439 | G35: 79 | H35: 139 | I35: 32 | J35: 3 | K35: 20 | L35: 112 | M35: 28 | N35: 47 | O35: 7.0 | P35: 7.0 | Q35: 1.0 | R35: 7.0 | S35: 11.0 | T35: 9.0 | U35: =H35/F35 -> 0.3166287 | V35: =(H35+M35+O35+P35)/(F35+M35+O35+P35+R35) -> 0.37090164 | W35: =((H35-I35-J35-K35)+(2*I35)+(3*J35)+(4*K35))/F35 -> 0.53986333 | X35: =V35+W35 -> 0.91076497 | Y35: =M35/(M35+F35) -> 0.059957173 | Z35: =N35/(N35+F35) -> 0.096707819 | AA35: =W35-U35 -> 0.22323462
A36: ripkeca01 | B36: 1994 | C36: 1 | D36: BAL | E36: AL | F36: 444 | G36: 71 | H36: 140 | I36: 19 | J36: 3 | K36: 13 | L36: 75 | M36: 32 | N36: 41 | O36: 3.0 | P36: 4.0 | Q36: 0.0 | R36: 4.0 | S36: 17.0 | T36: 6.0 | U36: =H36/F36 -> 0.31531532 | V36: =(H36+M36+O36+P36)/(F36+M36+O36+P36+R36) -> 0.36755647 | W36: =((H36-I36-J36-K36)+(2*I36)+(3*J36)+(4*K36))/F36 -> 0.45945946 | X36: =V36+W36 -> 0.82701593 | Y36: =M36/(M36+F36) -> 0.067226891 | Z36: =N36/(N36+F36) -> 0.084536082 | AA36: =W36-U36 -> 0.14414414
A37: rodriiv01 | B37: 1994 | C37: 1 | D37: TEX | E37: AL | F37: 363 | G37: 56 | H37: 108 | I37: 19 | J37: 1 | K37: 16 | L37: 57 | M37: 31 | N37: 42 | O37: 5.0 | P37: 7.0 | Q37: 0.0 | R37: 4.0 | S37: 10.0 | T37: 2.0 | U37: =H37/F37 -> 0.29752066 | V37: =(H37+M37+O37+P37)/(F37+M37+O37+P37+R37) -> 0.36829268 | W37: =((H37-I37-J37-K37)+(2*I37)+(3*J37)+(4*K37))/F37 -> 0.48760331 | X37: =V37+W37 -> 0.85589599 | Y37: =M37/(M37+F37) -> 0.078680203 | Z37: =N37/(N37+F37) -> 0.1037037 | AA37: =W37-U37 -> 0.19008264
A38: smithoz01 | B38: 1994 | C38: 1 | D38: SLN | E38: NL | F38: 381 | G38: 51 | H38: 100 | I38: 18 | J38: 3 | K38: 3 | L38: 30 | M38: 38 | N38: 26 | O38: 3.0 | P38: 0.0 | Q38: 10.0 | R38: 4.0 | S38: 3.0 | T38: 6.0 | U38: =H38/F38 -> 0.26246719 | V38: =(H38+M38+O38+P38)/(F38+M38+O38+P38+R38) -> 0.33098592 | W38: =((H38-I38-J38-K38)+(2*I38)+(3*J38)+(4*K38))/F38 -> 0.34908136 | X38: =V38+W38 -> 0.68006728 | Y38: =M38/(M38+F38) -> 0.090692124 | Z38: =N38/(N38+F38) -> 0.063882064 | AA38: =W38-U38 -> 0.086614173
A39: thomafr04 | B39: 1994 | C39: 1 | D39: CHA | E39: AL | F39: 399 | G39: 106 | H39: 141 | I39: 34 | J39: 1 | K39: 38 | L39: 101 | M39: 109 | N39: 61 | O39: 12.0 | P39: 2.0 | Q39: 0.0 | R39: 7.0 | S39: 15.0 | T39: 3.0 | U39: =H39/F39 -> 0.35338346 | V39: =(H39+M39+O39+P39)/(F39+M39+O39+P39+R39) -> 0.49905482 | W39: =((H39-I39-J39-K39)+(2*I39)+(3*J39)+(4*K39))/F39 -> 0.72932331 | X39: =V39+W39 -> 1.2283781 | Y39: =M39/(M39+F39) -> 0.21456693 | Z39: =N39/(N39+F39) -> 0.1326087 | AA39: =W39-U39 -> 0.37593985
A40: willima04 | B40: 1994 | C40: 1 | D40: SFN | E40: NL | F40: 445 | G40: 74 | H40: 119 | I40: 16 | J40: 3 | K40: 43 | L40: 96 | M40: 33 | N40: 87 | O40: 7.0 | P40: 2.0 | Q40: 0.0 | R40: 3.0 | S40: 11.0 | T40: 5.0 | U40: =H40/F40 -> 0.26741573 | V40: =(H40+M40+O40+P40)/(F40+M40+O40+P40+R40) -> 0.32857143 | W40: =((H40-I40-J40-K40)+(2*I40)+(3*J40)+(4*K40))/F40 -> 0.60674157 | X40: =V40+W40 -> 0.935313 | Y40: =M40/(M40+F40) -> 0.069037657 | Z40: =N40/(N40+F40) -> 0.16353383 | AA40: =W40-U40 -> 0.33932584
A41: baergca01 | B41: 1995 | C41: 1 | D41: CLE | E41: AL | F41: 557 | G41: 87 | H41: 175 | I41: 28 | J41: 2 | K41: 15 | L41: 90 | M41: 35 | N41: 31 | O41: 6.0 | P41: 3.0 | Q41: 0.0 | R41: 5.0 | S41: 15.0 | T41: 4.0 | U41: =H41/F41 -> 0.31418312 | V41: =(H41+M41+O41+P41)/(F41+M41+O41+P41+R41) -> 0.36138614 | W41: =((H41-I41-J41-K41)+(2*I41)+(3*J41)+(4*K41))/F41 -> 0.4524237 | X41: =V41+W41 -> 0.81380984 | Y41: =M41/(M41+F41) -> 0.059121622 | Z41: =N41/(N41+F41) -> 0.052721088 | AA41: =W41-U41 -> 0.13824057
A42: belleal01 | B42: 1995 | C42: 1 | D42: CLE | E42: AL | F42: 546 | G42: 121 | H42: 173 | I42: 52 | J42: 1 | K42: 50 | L42: 126 | M42: 73 | N42: 80 | O42: 5.0 | P42: 6.0 | Q42: 0.0 | R42: 4.0 | S42: 24.0 | T42: 7.0 | U42: =H42/F42 -> 0.31684982 | V42: =(H42+M42+O42+P42)/(F42+M42+O42+P42+R42) -> 0.40536278 | W42: =((H42-I42-J42-K42)+(2*I42)+(3*J42)+(4*K42))/F42 -> 0.69047619 | X42: =V42+W42 -> 1.095839 | Y42: =M42/(M42+F42) -> 0.11793215 | Z42: =N42/(N42+F42) -> 0.12779553 | AA42: =W42-U42 -> 0.37362637
A43: biggicr01 | B43: 1995 | C43: 1 | D43: HOU | E43: NL | F43: 553 | G43: 123 | H43: 167 | I43: 30 | J43: 2 | K43: 22 | L43: 77 | M43: 80 | N43: 85 | O43: 1.0 | P43: 22.0 | Q43: 11.0 | R43: 7.0 | S43: 6.0 | T43: 4.0 | U43: =H43/F43 -> 0.30198915 | V43: =(H43+M43+O43+P43)/(F43+M43+O43+P43+R43) -> 0.40723982 | W43: =((H43-I43-J43-K43)+(2*I43)+(3*J43)+(4*K43))/F43 -> 0.48282098 | X43: =V43+W43 -> 0.8900608 | Y43: =M43/(M43+F43) -> 0.12638231 | Z43: =N43/(N43+F43) -> 0.13322884 | AA43: =W43-U43 -> 0.18083183
A44: boggswa01 | B44: 1995 | C44: 1 | D44: NYA | E44: AL | F44: 460 | G44: 76 | H44: 149 | I44: 22 | J44: 4 | K44: 5 | L44: 63 | M44: 74 | N44: 50 | O44: 5.0 | P44: 0.0 | Q44: 0.0 | R44: 7.0 | S44: 13.0 | T44: 5.0 | U44: =H44/F44 -> 0.32391304 | V44: =(H44+M44+O44+P44)/(F44+M44+O44+P44+R44) -> 0.41758242 | W44: =((H44-I44-J44-K44)+(2*I44)+(3*J44)+(4*K44))/F44 -> 0.42173913 | X44: =V44+W44 -> 0.83932155 | Y44: =M44/(M44+F44) -> 0.13857678 | Z44: =N44/(N44+F44) -> 0.098039216 | AA44: =W44-U44 -> 0.097826087
... A49: gwynnto01 | B49: 1995 | C49: 1 | D49: SDN | E49: NL | F49: 535 | G49: 82 | H49: 197 | I49: 33 | J49: 1 | K49: 9 | L49: 90 | M49: 35 | N49: 15 | O49: 10.0 | P49: 1.0 | Q49: 0.0 | R49: 6.0 | S49: 20.0 | T49: 9.0 | U49: =H49/F49 -> 0.3682243 | V49: =(H49+M49+O49+P49)/(F49+M49+O49+P49+R49) -> 0.41396934 | W49: =((H49-I49-J49-K49)+(2*I49)+(3*J49)+(4*K49))/F49 -> 0.48411215 | X49: =V49+W49 -> 0.89808149 | Y49: =M49/(M49+F49) -> 0.061403509 | Z49: =N49/(N49+F49) -> 0.027272727 | AA49: =W49-U49 -> 0.11588785
A50: johnsra05 | B50: 1995 | C50: 1 | D50: SEA | E50: AL | T50: 1.0 | U50: =H50/F50 -> #DIV/0! | V50: =(H50+M50+O50+P50)/(F50+M50+O50+P50+R50) -> #VALUE! | W50: =((H50-I50-J50-K50)+(2*I50)+(3*J50)+(4*K50))/F50 -> #DIV/0! | X50: =V50+W50 -> #VALUE! | Y50: =M50/(M50+F50) -> #DIV/0! | Z50: =N50/(N50+F50) -> #DIV/0! | AA50: =W50-U50 -> #DIV/0!
A51: larkiba01 | B51: 1995 | C51: 1 | D51: CIN | E51: NL | F51: 496 | G51: 98 | H51: 158 | I51: 29 | J51: 6 | K51: 15 | L51: 66 | M51: 61 | N51: 49 | O51: 2.0 | P51: 3.0 | Q51: 3.0 | R51: 4.0 | S51: 6.0 | T51: 6.0 | U51: =H51/F51 -> 0.31854839 | V51: =(H51+M51+O51+P51)/(F51+M51+O51+P51+R51) -> 0.39575972 | W51: =((H51-I51-J51-K51)+(2*I51)+(3*J51)+(4*K51))/F51 -> 0.49193548 | X51: =V51+W51 -> 0.8876952 | Y51: =M51/(M51+F51) -> 0.10951526 | Z51: =N51/(N51+F51) -> 0.089908257 | AA51: =W51-U51 -> 0.1733871
A52: loftoke01 | B52: 1995 | C52: 1 | D52: CLE | E52: AL | F52: 481 | G52: 93 | H52: 149 | I52: 22 | J52: 13 | K52: 7 | L52: 53 | M52: 40 | N52: 49 | O52: 6.0 | P52: 1.0 | Q52: 4.0 | R52: 3.0 | S52: 6.0 | T52: 8.0 | U52: =H52/F52 -> 0.30977131 | V52: =(H52+M52+O52+P52)/(F52+M52+O52+P52+R52) -> 0.36911488 | W52: =((H52-I52-J52-K52)+(2*I52)+(3*J52)+(4*K52))/F52 -> 0.45322245 | X52: =V52+W52 -> 0.82233733 | Y52: =M52/(M52+F52) -> 0.076775432 | Z52: =N52/(N52+F52) -> 0.09245283 | AA52: =W52-U52 -> 0.14345114
A53: martied01 | B53: 1995 | C53: 1 | D53: SEA | E53: AL | F53: 511 | G53: 121 | H53: 182 | I53: 52 | J53: 0 | K53: 29 | L53: 113 | M53: 116 | N53: 87 | O53: 19.0 | P53: 8.0 | Q53: 0.0 | R53: 4.0 | S53: 11.0 | T53: 10.0 | U53: =H53/F53 -> 0.35616438 | V53: =(H53+M53+O53+P53)/(F53+M53+O53+P53+R53) -> 0.49392097 | W53: =((H53-I53-J53-K53)+(2*I53)+(3*J53)+(4*K53))/F53 -> 0.62818004 | X53: =V53+W53 -> 1.122101 | Y53: =M53/(M53+F53) -> 0.18500797 | Z53: =N53/(N53+F53) -> 0.14548495 | AA53: =W53-U53 -> 0.27201566
A54: mcgrifr01 | B54: 1995 | C54: 1 | D54: ATL | E54: NL | F54: 528 | G54: 85 | H54: 148 | I54: 27 | J54: 1 | K54: 27 | L54: 93 | M54: 65 | N54: 99 | O54: 6.0 | P54: 5.0 | Q54: 0.0 | R54: 6.0 | S54: 19.0 | T54: 3.0 | U54: =H54/F54 -> 0.28030303 | V54: =(H54+M54+O54+P54)/(F54+M54+O54+P54+R54) -> 0.36721311 | W54: =((H54-I54-J54-K54)+(2*I54)+(3*J54)+(4*K54))/F54 -> 0.48863636 | X54: =V54+W54 -> 0.85584948 | Y54: =M54/(M54+F54) -> 0.10961214 | Z54: =N54/(N54+F54) -> 0.15789474 | AA54: =W54-U54 -> 0.20833333
A55: nomohi01 | B55: 1995 | C55: 1 | D55: LAN | E55: NL | F55: 66 | G55: 2 | H55: 6 | I55: 0 | J55: 0 | K55: 0 | L55: 4 | M55: 0 | N55: 33 | O55: 0.0 | P55: 0.0 | Q55: 5.0 | R55: 1.0 | S55: 1.0 | T55: 1.0 | U55: =H55/F55 -> 0.090909091 | V55: =(H55+M55+O55+P55)/(F55+M55+O55+P55+R55) -> 0.089552239 | W55: =((H55-I55-J55-K55)+(2*I55)+(3*J55)+(4*K55))/F55 -> 0.090909091 | X55: =V55+W55 -> 0.18046133 | Y55: =M55/(M55+F55) -> 0 | Z55: =N55/(N55+F55) -> 0.33333333 | AA55: =W55-U55 -> 0
A56: piazzmi01 | B56: 1995 | C56: 1 | D56: LAN | E56: NL | F56: 434 | G56: 82 | H56: 150 | I56: 17 | J56: 0 | K56: 32 | L56: 93 | M56: 39 | N56: 80 | O56: 10.0 | P56: 1.0 | Q56: 0.0 | R56: 1.0 | S56: 10.0 | T56: 2.0 | U56: =H56/F56 -> 0.34562212 | V56: =(H56+M56+O56+P56)/(F56+M56+O56+P56+R56) -> 0.41237113 | W56: =((H56-I56-J56-K56)+(2*I56)+(3*J56)+(4*K56))/F56 -> 0.60599078 | X56: =V56+W56 -> 1.0183619 | Y56: =M56/(M56+F56) -> 0.082452431 | Z56: =N56/(N56+F56) -> 0.15564202 | AA56: =W56-U56 -> 0.26036866
A57: puckeki01 | B57: 1995 | C57: 1 | D57: MIN | E57: AL | F57: 538 | G57: 83 | H57: 169 | I57: 39 | J57: 0 | K57: 23 | L57: 99 | M57: 56 | N57: 89 | O57: 18.0 | P57: 3.0 | Q57: 0.0 | R57: 5.0 | S57: 15.0 | T57: 9.0 | U57: =H57/F57 -> 0.31412639 | V57: =(H57+M57+O57+P57)/(F57+M57+O57+P57+R57) -> 0.39677419 | W57: =((H57-I57-J57-K57)+(2*I57)+(3*J57)+(4*K57))/F57 -> 0.51486989 | X57: =V57+W57 -> 0.91164408 | Y57: =M57/(M57+F57) -> 0.094276094 | Z57: =N57/(N57+F57) -> 0.14194577 | AA57: =W57-U57 -> 0.20074349
A58: ripkeca01 | B58: 1995 | C58: 1 | D58: BAL | E58: AL | F58: 550 | G58: 71 | H58: 144 | I58: 33 | J58: 2 | K58: 17 | L58: 88 | M58: 52 | N58: 59 | O58: 6.0 | P58: 2.0 | Q58: 1.0 | R58: 8.0 | S58: 15.0 | T58: 6.0 | U58: =H58/F58 -> 0.26181818 | V58: =(H58+M58+O58+P58)/(F58+M58+O58+P58+R58) -> 0.33009709 | W58: =((H58-I58-J58-K58)+(2*I58)+(3*J58)+(4*K58))/F58 -> 0.42181818 | X58: =V58+W58 -> 0.75191527 | Y58: =M58/(M58+F58) -> 0.086378738 | Z58: =N58/(N58+F58) -> 0.096880131 | AA58: =W58-U58 -> 0.16
A59: rodriiv01 | B59: 1995 | C59: 1 | D59: TEX | E59: AL | F59: 492 | G59: 56 | H59: 149 | I59: 32 | J59: 2 | K59: 12 | L59: 67 | M59: 16 | N59: 48 | O59: 2.0 | P59: 4.0 | Q59: 0.0 | R59: 5.0 | S59: 11.0 | T59: 2.0 | U59: =H59/F59 -> 0.30284553 | V59: =(H59+M59+O59+P59)/(F59+M59+O59+P59+R59) -> 0.32947977 | W59: =((H59-I59-J59-K59)+(2*I59)+(3*J59)+(4*K59))/F59 -> 0.44918699 | X59: =V59+W59 -> 0.77866676 | Y59: =M59/(M59+F59) -> 0.031496063 | Z59: =N59/(N59+F59) -> 0.088888889 | AA59: =W59-U59 -> 0.14634146
A60: thomafr04 | B60: 1995 | C60: 1 | D60: CHA | E60: AL | F60: 493 | G60: 102 | H60: 152 | I60: 27 | J60: 0 | K60: 40 | L60: 111 | M60: 136 | N60: 74 | O60: 29.0 | P60: 6.0 | Q60: 0.0 | R60: 12.0 | S60: 14.0 | T60: 3.0 | U60: =H60/F60 -> 0.30831643 | V60: =(H60+M60+O60+P60)/(F60+M60+O60+P60+R60) -> 0.47781065 | W60: =((H60-I60-J60-K60)+(2*I60)+(3*J60)+(4*K60))/F60 -> 0.60649087 | X60: =V60+W60 -> 1.0843015 | Y60: =M60/(M60+F60) -> 0.21621622 | Z60: =N60/(N60+F60) -> 0.13051146 | AA60: =W60-U60 -> 0.29817444
A61: alomaro01 | B61: 1996 | C61: 1 | D61: BAL | E61: AL | F61: 588 | G61: 132 | H61: 193 | I61: 43 | J61: 4 | K61: 22 | L61: 94 | M61: 90 | N61: 65 | O61: 10.0 | P61: 1.0 | Q61: 8.0 | R61: 12.0 | S61: 14.0 | T61: 4.0 | U61: =H61/F61 -> 0.32823129 | V61: =(H61+M61+O61+P61)/(F61+M61+O61+P61+R61) -> 0.41940086 | W61: =((H61-I61-J61-K61)+(2*I61)+(3*J61)+(4*K61))/F61 -> 0.52721088 | X61: =V61+W61 -> 0.94661174 | Y61: =M61/(M61+F61) -> 0.13274336 | Z61: =N61/(N61+F61) -> 0.099540582 | AA61: =W61-U61 -> 0.19897959
A62: anderbr01 | B62: 1996 | C62: 1 | D62: BAL | E62: AL | F62: 579 | G62: 117 | H62: 172 | I62: 37 | J62: 5 | K62: 50 | L62: 110 | M62: 76 | N62: 106 | O62: 1.0 | P62: 22.0 | Q62: 6.0 | R62: 4.0 | S62: 11.0 | T62: 9.0 | U62: =H62/F62 -> 0.2970639 | V62: =(H62+M62+O62+P62)/(F62+M62+O62+P62+R62) -> 0.3973607 | W62: =((H62-I62-J62-K62)+(2*I62)+(3*J62)+(4*K62))/F62 -> 0.6373057 | X62: =V62+W62 -> 1.0346664 | Y62: =M62/(M62+F62) -> 0.11603053 | Z62: =N62/(N62+F62) -> 0.15474453 | AA62: =W62-U62 -> 0.3402418
... A72: mcgrifr01 | B72: 1996 | C72: 1 | D72: ATL | E72: NL | F72: 617 | G72: 81 | H72: 182 | I72: 37 | J72: 1 | K72: 28 | L72: 107 | M72: 68 | N72: 116 | O72: 12.0 | P72: 2.0 | Q72: 0.0 | R72: 4.0 | S72: 20.0 | T72: 3.0 | U72: =H72/F72 -> 0.29497569 | V72: =(H72+M72+O72+P72)/(F72+M72+O72+P72+R72) -> 0.37553343 | W72: =((H72-I72-J72-K72)+(2*I72)+(3*J72)+(4*K72))/F72 -> 0.49432739 | X72: =V72+W72 -> 0.86986082 | Y72: =M72/(M72+F72) -> 0.099270073 | Z72: =N72/(N72+F72) -> 0.15825375 | AA72: =W72-U72 -> 0.1993517
A73: nagych01 | B73: 1996 | C73: 1 | D73: CLE | E73: AL | T73: 1.0 | U73: =H73/F73 -> #DIV/0! | V73: =(H73+M73+O73+P73)/(F73+M73+O73+P73+R73) -> #VALUE! | W73: =((H73-I73-J73-K73)+(2*I73)+(3*J73)+(4*K73))/F73 -> #DIV/0! | X73: =V73+W73 -> #VALUE! | Y73: =M73/(M73+F73) -> #DIV/0! | Z73: =N73/(N73+F73) -> #DIV/0! | AA73: =W73-U73 -> #DIV/0!
A74: piazzmi01 | B74: 1996 | C74: 1 | D74: LAN | E74: NL | F74: 547 | G74: 87 | H74: 184 | I74: 16 | J74: 0 | K74: 36 | L74: 105 | M74: 81 | N74: 93 | O74: 21.0 | P74: 1.0 | Q74: 0.0 | R74: 2.0 | S74: 21.0 | T74: 2.0 | U74: =H74/F74 -> 0.33638026 | V74: =(H74+M74+O74+P74)/(F74+M74+O74+P74+R74) -> 0.44018405 | W74: =((H74-I74-J74-K74)+(2*I74)+(3*J74)+(4*K74))/F74 -> 0.5630713 | X74: =V74+W74 -> 1.0032553 | Y74: =M74/(M74+F74) -> 0.12898089 | Z74: =N74/(N74+F74) -> 0.1453125 | AA74: =W74-U74 -> 0.22669104
A75: ripkeca01 | B75: 1996 | C75: 1 | D75: BAL | E75: AL | F75: 640 | G75: 94 | H75: 178 | I75: 40 | J75: 1 | K75: 26 | L75: 102 | M75: 59 | N75: 78 | O75: 3.0 | P75: 4.0 | Q75: 0.0 | R75: 4.0 | S75: 28.0 | T75: 6.0 | U75: =H75/F75 -> 0.278125 | V75: =(H75+M75+O75+P75)/(F75+M75+O75+P75+R75) -> 0.34366197 | W75: =((H75-I75-J75-K75)+(2*I75)+(3*J75)+(4*K75))/F75 -> 0.465625 | X75: =V75+W75 -> 0.80928697 | Y75: =M75/(M75+F75) -> 0.084406295 | Z75: =N75/(N75+F75) -> 0.1086351 | AA75: =W75-U75 -> 0.1875
A76: rodriiv01 | B76: 1996 | C76: 1 | D76: TEX | E76: AL | F76: 639 | G76: 116 | H76: 192 | I76: 47 | J76: 3 | K76: 19 | L76: 86 | M76: 38 | N76: 55 | O76: 7.0 | P76: 4.0 | Q76: 0.0 | R76: 4.0 | S76: 15.0 | T76: 2.0 | U76: =H76/F76 -> 0.30046948 | V76: =(H76+M76+O76+P76)/(F76+M76+O76+P76+R76) -> 0.3482659 | W76: =((H76-I76-J76-K76)+(2*I76)+(3*J76)+(4*K76))/F76 -> 0.47261346 | X76: =V76+W76 -> 0.82087935 | Y76: =M76/(M76+F76) -> 0.056129985 | Z76: =N76/(N76+F76) -> 0.07925072 | AA76: =W76-U76 -> 0.17214397
A77: smoltjo01 | B77: 1996 | C77: 1 | D77: ATL | E77: NL | F77: 78 | G77: 3 | H77: 17 | I77: 3 | J77: 0 | K77: 1 | L77: 12 | M77: 3 | N77: 26 | O77: 0.0 | P77: 1.0 | Q77: 15.0 | R77: 1.0 | S77: 0.0 | T77: 1.0 | U77: =H77/F77 -> 0.21794872 | V77: =(H77+M77+O77+P77)/(F77+M77+O77+P77+R77) -> 0.25301205 | W77: =((H77-I77-J77-K77)+(2*I77)+(3*J77)+(4*K77))/F77 -> 0.29487179 | X77: =V77+W77 -> 0.54788384 | Y77: =M77/(M77+F77) -> 0.037037037 | Z77: =N77/(N77+F77) -> 0.25 | AA77: =W77-U77 -> 0.076923077
A78: vaughmo01 | B78: 1996 | C78: 1 | D78: BOS | E78: AL | F78: 635 | G78: 118 | H78: 207 | I78: 29 | J78: 1 | K78: 44 | L78: 143 | M78: 95 | N78: 154 | O78: 19.0 | P78: 14.0 | Q78: 0.0 | R78: 8.0 | S78: 17.0 | T78: 3.0 | U78: =H78/F78 -> 0.32598425 | V78: =(H78+M78+O78+P78)/(F78+M78+O78+P78+R78) -> 0.43450065 | W78: =((H78-I78-J78-K78)+(2*I78)+(3*J78)+(4*K78))/F78 -> 0.58267717 | X78: =V78+W78 -> 1.0171778 | Y78: =M78/(M78+F78) -> 0.13013699 | Z78: =N78/(N78+F78) -> 0.19518378 | AA78: =W78-U78 -> 0.25669291
A79: alomaro01 | B79: 1997 | C79: 1 | D79: BAL | E79: AL | F79: 412 | G79: 64 | H79: 137 | I79: 23 | J79: 2 | K79: 14 | L79: 60 | M79: 40 | N79: 43 | O79: 2.0 | P79: 3.0 | Q79: 7.0 | R79: 7.0 | S79: 10.0 | T79: 4.0 | U79: =H79/F79 -> 0.33252427 | V79: =(H79+M79+O79+P79)/(F79+M79+O79+P79+R79) -> 0.39224138 | W79: =((H79-I79-J79-K79)+(2*I79)+(3*J79)+(4*K79))/F79 -> 0.5 | X79: =V79+W79 -> 0.89224138 | Y79: =M79/(M79+F79) -> 0.088495575 | Z79: =N79/(N79+F79) -> 0.094505495 | AA79: =W79-U79 -> 0.16747573
A80: anderbr01 | B80: 1997 | C80: 1 | D80: BAL | E80: AL | F80: 590 | G80: 97 | H80: 170 | I80: 39 | J80: 7 | K80: 18 | L80: 73 | M80: 84 | N80: 105 | O80: 6.0 | P80: 19.0 | Q80: 2.0 | R80: 1.0 | S80: 1.0 | T80: 7.0 | U80: =H80/F80 -> 0.28813559 | V80: =(H80+M80+O80+P80)/(F80+M80+O80+P80+R80) -> 0.39857143 | W80: =((H80-I80-J80-K80)+(2*I80)+(3*J80)+(4*K80))/F80 -> 0.46949153 | X80: =V80+W80 -> 0.86806295 | Y80: =M80/(M80+F80) -> 0.12462908 | Z80: =N80/(N80+F80) -> 0.15107914 | AA80: =W80-U80 -> 0.18135593
A81: bagweje01 | B81: 1997 | C81: 1 | D81: HOU | E81: NL | F81: 566 | G81: 109 | H81: 162 | I81: 40 | J81: 2 | K81: 43 | L81: 135 | M81: 127 | N81: 122 | O81: 27.0 | P81: 16.0 | Q81: 0.0 | R81: 8.0 | S81: 10.0 | T81: 3.0 | U81: =H81/F81 -> 0.28621908 | V81: =(H81+M81+O81+P81)/(F81+M81+O81+P81+R81) -> 0.44623656 | W81: =((H81-I81-J81-K81)+(2*I81)+(3*J81)+(4*K81))/F81 -> 0.59187279 | X81: =V81+W81 -> 1.0381094 | Y81: =M81/(M81+F81) -> 0.18326118 | Z81: =N81/(N81+F81) -> 0.17732558 | AA81: =W81-U81 -> 0.30565371
A82: biggicr01 | B82: 1997 | C82: 1 | D82: HOU | E82: NL | F82: 619 | G82: 146 | H82: 191 | I82: 37 | J82: 8 | K82: 22 | L82: 81 | M82: 84 | N82: 107 | O82: 6.0 | P82: 34.0 | Q82: 0.0 | R82: 7.0 | S82: 0.0 | T82: 4.0 | U82: =H82/F82 -> 0.3085622 | V82: =(H82+M82+O82+P82)/(F82+M82+O82+P82+R82) -> 0.42 | W82: =((H82-I82-J82-K82)+(2*I82)+(3*J82)+(4*K82))/F82 -> 0.50080775 | X82: =V82+W82 -> 0.92080775 | Y82: =M82/(M82+F82) -> 0.11948791 | Z82: =N82/(N82+F82) -> 0.14738292 | AA82: =W82-U82 -> 0.19224556
A83: blausje01 | B83: 1997 | C83: 1 | D83: ATL | E83: NL | F83: 519 | G83: 90 | H83: 160 | I83: 31 | J83: 4 | K83: 17 | L83: 70 | M83: 70 | N83: 101 | O83: 6.0 | P83: 20.0 | Q83: 5.0 | R83: 9.0 | S83: 13.0 | T83: 6.0 | U83: =H83/F83 -> 0.30828516 | V83: =(H83+M83+O83+P83)/(F83+M83+O83+P83+R83) -> 0.41025641 | W83: =((H83-I83-J83-K83)+(2*I83)+(3*J83)+(4*K83))/F83 -> 0.48169557 | X83: =V83+W83 -> 0.89195198 | Y83: =M83/(M83+F83) -> 0.1188455 | Z83: =N83/(N83+F83) -> 0.16290323 | AA83: =W83-U83 -> 0.1734104
A84: bondsba01 | B84: 1997 | C84: 1 | D84: SFN | E84: NL | F84: 532 | G84: 123 | H84: 155 | I84: 26 | J84: 5 | K84: 40 | L84: 101 | M84: 145 | N84: 87 | O84: 34.0 | P84: 8.0 | Q84: 0.0 | R84: 5.0 | S84: 13.0 | T84: 7.0 | U84: =H84/F84 -> 0.29135338 | V84: =(H84+M84+O84+P84)/(F84+M84+O84+P84+R84) -> 0.47237569 | W84: =((H84-I84-J84-K84)+(2*I84)+(3*J84)+(4*K84))/F84 -> 0.58458647 | X84: =V84+W84 -> 1.0569622 | Y84: =M84/(M84+F84) -> 0.21418021 | Z84: =N84/(N84+F84) -> 0.14054927 | AA84: =W84-U84 -> 0.29323308
A85: caminke01 | B85: 1997 | C85: 1 | D85: SDN | E85: NL | F85: 486 | G85: 92 | H85: 141 | I85: 28 | J85: 0 | K85: 26 | L85: 90 | M85: 80 | N85: 118 | O85: 9.0 | P85: 3.0 | Q85: 0.0 | R85: 7.0 | S85: 12.0 | T85: 5.0 | U85: =H85/F85 -> 0.29012346 | V85: =(H85+M85+O85+P85)/(F85+M85+O85+P85+R85) -> 0.3982906 | W85: =((H85-I85-J85-K85)+(2*I85)+(3*J85)+(4*K85))/F85 -> 0.50823045 | X85: =V85+W85 -> 0.90652105 | Y85: =M85/(M85+F85) -> 0.14134276 | Z85: =N85/(N85+F85) -> 0.19536424 | AA85: =W85-U85 -> 0.218107
... A87: gwynnto01 | B87: 1997 | C87: 1 | D87: SDN | E87: NL | F87: 592 | G87: 97 | H87: 220 | I87: 49 | J87: 2 | K87: 17 | L87: 119 | M87: 43 | N87: 28 | O87: 12.0 | P87: 3.0 | Q87: 1.0 | R87: 12.0 | S87: 12.0 | T87: 10.0 | U87: =H87/F87 -> 0.37162162 | V87: =(H87+M87+O87+P87)/(F87+M87+O87+P87+R87) -> 0.41993958 | W87: =((H87-I87-J87-K87)+(2*I87)+(3*J87)+(4*K87))/F87 -> 0.5472973 | X87: =V87+W87 -> 0.96723687 | Y87: =M87/(M87+F87) -> 0.067716535 | Z87: =N87/(N87+F87) -> 0.04516129 | AA87: =W87-U87 -> 0.17567568
A88: johnsra05 | B88: 1997 | C88: 1 | D88: SEA | E88: AL | T88: 1.0 | U88: =H88/F88 -> #DIV/0! | V88: =(H88+M88+O88+P88)/(F88+M88+O88+P88+R88) -> #VALUE! | W88: =((H88-I88-J88-K88)+(2*I88)+(3*J88)+(4*K88))/F88 -> #DIV/0! | X88: =V88+W88 -> #VALUE! | Y88: =M88/(M88+F88) -> #DIV/0! | Z88: =N88/(N88+F88) -> #DIV/0! | AA88: =W88-U88 -> #DIV/0!
A89: lankfra01 | B89: 1997 | C89: 1 | D89: SLN | E89: NL | F89: 465 | G89: 94 | H89: 137 | I89: 36 | J89: 3 | K89: 31 | L89: 98 | M89: 95 | N89: 125 | O89: 10.0 | P89: 0.0 | Q89: 0.0 | R89: 5.0 | S89: 9.0 | T89: 8.0 | U89: =H89/F89 -> 0.29462366 | V89: =(H89+M89+O89+P89)/(F89+M89+O89+P89+R89) -> 0.42086957 | W89: =((H89-I89-J89-K89)+(2*I89)+(3*J89)+(4*K89))/F89 -> 0.58494624 | X89: =V89+W89 -> 1.0058158 | Y89: =M89/(M89+F89) -> 0.16964286 | Z89: =N89/(N89+F89) -> 0.21186441 | AA89: =W89-U89 -> 0.29032258
A90: maddugr01 | B90: 1997 | C90: 1 | D90: ATL | E90: NL | F90: 67 | G90: 3 | H90: 7 | I90: 2 | J90: 0 | K90: 0 | L90: 4 | M90: 5 | N90: 21 | O90: 0.0 | P90: 0.0 | Q90: 6.0 | R90: 0.0 | S90: 0.0 | T90: 1.0 | U90: =H90/F90 -> 0.10447761 | V90: =(H90+M90+O90+P90)/(F90+M90+O90+P90+R90) -> 0.16666667 | W90: =((H90-I90-J90-K90)+(2*I90)+(3*J90)+(4*K90))/F90 -> 0.13432836 | X90: =V90+W90 -> 0.30099502 | Y90: =M90/(M90+F90) -> 0.069444444 | Z90: =N90/(N90+F90) -> 0.23863636 | AA90: =W90-U90 -> 0.029850746
A91: martied01 | B91: 1997 | C91: 1 | D91: SEA | E91: AL | F91: 542 | G91: 104 | H91: 179 | I91: 35 | J91: 1 | K91: 28 | L91: 108 | M91: 119 | N91: 86 | O91: 11.0 | P91: 11.0 | Q91: 0.0 | R91: 6.0 | S91: 21.0 | T91: 10.0 | U91: =H91/F91 -> 0.3302583 | V91: =(H91+M91+O91+P91)/(F91+M91+O91+P91+R91) -> 0.46444122 | W91: =((H91-I91-J91-K91)+(2*I91)+(3*J91)+(4*K91))/F91 -> 0.55350554 | X91: =V91+W91 -> 1.0179468 | Y91: =M91/(M91+F91) -> 0.18003026 | Z91: =N91/(N91+F91) -> 0.13694268 | AA91: =W91-U91 -> 0.22324723
A92: martiti02 | B92: 1997 | C92: 1 | D92: NYA | E92: AL | F92: 594 | G92: 96 | H92: 176 | I92: 31 | J92: 2 | K92: 44 | L92: 141 | M92: 75 | N92: 75 | O92: 14.0 | P92: 3.0 | Q92: 0.0 | R92: 13.0 | S92: 15.0 | T92: 3.0 | U92: =H92/F92 -> 0.2962963 | V92: =(H92+M92+O92+P92)/(F92+M92+O92+P92+R92) -> 0.38340486 | W92: =((H92-I92-J92-K92)+(2*I92)+(3*J92)+(4*K92))/F92 -> 0.57744108 | X92: =V92+W92 -> 0.96084594 | Y92: =M92/(M92+F92) -> 0.11210762 | Z92: =N92/(N92+F92) -> 0.11210762 | AA92: =W92-U92 -> 0.28114478
A93: oneilpa01 | B93: 1997 | C93: 1 | D93: NYA | E93: AL | F93: 553 | G93: 89 | H93: 179 | I93: 42 | J93: 0 | K93: 21 | L93: 117 | M93: 75 | N93: 92 | O93: 8.0 | P93: 0.0 | Q93: 0.0 | R93: 9.0 | S93: 16.0 | T93: 9.0 | U93: =H93/F93 -> 0.32368897 | V93: =(H93+M93+O93+P93)/(F93+M93+O93+P93+R93) -> 0.40620155 | W93: =((H93-I93-J93-K93)+(2*I93)+(3*J93)+(4*K93))/F93 -> 0.51356239 | X93: =V93+W93 -> 0.91976394 | Y93: =M93/(M93+F93) -> 0.11942675 | Z93: =N93/(N93+F93) -> 0.14263566 | AA93: =W93-U93 -> 0.18987342
A94: piazzmi01 | B94: 1997 | C94: 1 | D94: LAN | E94: NL | F94: 556 | G94: 104 | H94: 201 | I94: 32 | J94: 1 | K94: 40 | L94: 124 | M94: 69 | N94: 77 | O94: 11.0 | P94: 3.0 | Q94: 0.0 | R94: 5.0 | S94: 19.0 | T94: 2.0 | U94: =H94/F94 -> 0.36151079 | V94: =(H94+M94+O94+P94)/(F94+M94+O94+P94+R94) -> 0.44099379 | W94: =((H94-I94-J94-K94)+(2*I94)+(3*J94)+(4*K94))/F94 -> 0.63848921 | X94: =V94+W94 -> 1.079483 | Y94: =M94/(M94+F94) -> 0.1104 | Z94: =N94/(N94+F94) -> 0.12164297 | AA94: =W94-U94 -> 0.27697842
A95: ripkeca01 | B95: 1997 | C95: 1 | D95: BAL | E95: AL | F95: 615 | G95: 79 | H95: 166 | I95: 30 | J95: 0 | K95: 17 | L95: 84 | M95: 56 | N95: 73 | O95: 3.0 | P95: 5.0 | Q95: 0.0 | R95: 10.0 | S95: 19.0 | T95: 5.0 | U95: =H95/F95 -> 0.2699187 | V95: =(H95+M95+O95+P95)/(F95+M95+O95+P95+R95) -> 0.33381713 | W95: =((H95-I95-J95-K95)+(2*I95)+(3*J95)+(4*K95))/F95 -> 0.40162602 | X95: =V95+W95 -> 0.73544314 | Y95: =M95/(M95+F95) -> 0.083457526 | Z95: =N95/(N95+F95) -> 0.10610465 | AA95: =W95-U95 -> 0.13170732
A96: rodrial01 | B96: 1997 | C96: 1 | D96: SEA | E96: AL | F96: 587 | G96: 100 | H96: 176 | I96: 40 | J96: 3 | K96: 23 | L96: 84 | M96: 41 | N96: 99 | O96: 1.0 | P96: 5.0 | Q96: 4.0 | R96: 1.0 | S96: 14.0 | T96: 6.0 | U96: =H96/F96 -> 0.29982964 | V96: =(H96+M96+O96+P96)/(F96+M96+O96+P96+R96) -> 0.3511811 | W96: =((H96-I96-J96-K96)+(2*I96)+(3*J96)+(4*K96))/F96 -> 0.49574106 | X96: =V96+W96 -> 0.84692216 | Y96: =M96/(M96+F96) -> 0.065286624 | Z96: =N96/(N96+F96) -> 0.14431487 | AA96: =W96-U96 -> 0.19591141
A97: rodriiv01 | B97: 1997 | C97: 1 | D97: TEX | E97: AL | F97: 597 | G97: 98 | H97: 187 | I97: 34 | J97: 4 | K97: 20 | L97: 77 | M97: 38 | N97: 89 | O97: 7.0 | P97: 8.0 | Q97: 1.0 | R97: 4.0 | S97: 18.0 | T97: 2.0 | U97: =H97/F97 -> 0.31323283 | V97: =(H97+M97+O97+P97)/(F97+M97+O97+P97+R97) -> 0.36697248 | W97: =((H97-I97-J97-K97)+(2*I97)+(3*J97)+(4*K97))/F97 -> 0.4840871 | X97: =V97+W97 -> 0.85105958 | Y97: =M97/(M97+F97) -> 0.05984252 | Z97: =N97/(N97+F97) -> 0.12973761 | AA97: =W97-U97 -> 0.17085427
A98: walkela01 | B98: 1997 | C98: 1 | D98: COL | E98: NL | F98: 568 | G98: 143 | H98: 208 | I98: 46 | J98: 4 | K98: 49 | L98: 130 | M98: 78 | N98: 90 | O98: 14.0 | P98: 14.0 | Q98: 0.0 | R98: 4.0 | S98: 15.0 | T98: 9.0 | U98: =H98/F98 -> 0.36619718 | V98: =(H98+M98+O98+P98)/(F98+M98+O98+P98+R98) -> 0.46312684 | W98: =((H98-I98-J98-K98)+(2*I98)+(3*J98)+(4*K98))/F98 -> 0.72007042 | X98: =V98+W98 -> 1.1831973 | Y98: =M98/(M98+F98) -> 0.12074303 | Z98: =N98/(N98+F98) -> 0.13677812 | AA98: =W98-U98 -> 0.35387324
A99: alomaro01 | B99: 1998 | C99: 1 | D99: BAL | E99: AL | F99: 588 | G99: 86 | H99: 166 | I99: 36 | J99: 1 | K99: 14 | L99: 56 | M99: 59 | N99: 70 | O99: 3.0 | P99: 2.0 | Q99: 3.0 | R99: 5.0 | S99: 11.0 | T99: 4.0 | U99: =H99/F99 -> 0.28231293 | V99: =(H99+M99+O99+P99)/(F99+M99+O99+P99+R99) -> 0.3500761 | W99: =((H99-I99-J99-K99)+(2*I99)+(3*J99)+(4*K99))/F99 -> 0.41836735 | X99: =V99+W99 -> 0.76844345 | Y99: =M99/(M99+F99) -> 0.091190108 | Z99: =N99/(N99+F99) -> 0.10638298 | AA99: =W99-U99 -> 0.13605442
A100: biggicr01 | B100: 1998 | C100: 1 | D100: HOU | E100: NL | F100: 646 | G100: 123 | H100: 210 | I100: 51 | J100: 2 | K100: 20 | L100: 88 | M100: 64 | N100: 113 | O100: 6.0 | P100: 23.0 | Q100: 1.0 | R100: 4.0 | S100: 10.0 | T100: 4.0 | U100: =H100/F100 -> 0.3250774 | V100: =(H100+M100+O100+P100)/(F100+M100+O100+P100+R100) -> 0.40780619 | W100: =((H100-I100-J100-K100)+(2*I100)+(3*J100)+(4*K100))/F100 -> 0.50309598 | X100: =V100+W100 -> 0.91090217 | Y100: =M100/(M100+F100) -> 0.090140845 | Z100: =N100/(N100+F100) -> 0.14888011 | AA100: =W100-U100 -> 0.17801858
... A195: vidrojo01 | B195: 2002 | C195: 1 | D195: MON | E195: NL | F195: 604 | G195: 103 | H195: 190 | I195: 43 | J195: 3 | K195: 19 | L195: 96 | M195: 60 | N195: 70 | O195: 1.0 | P195: 3.0 | Q195: 11.0 | R195: 3.0 | S195: 12.0 | T195: 4.0 | U195: =H195/F195 -> 0.31456954 | V195: =(H195+M195+O195+P195)/(F195+M195+O195+P195+R195) -> 0.37853949 | W195: =((H195-I195-J195-K195)+(2*I195)+(3*J195)+(4*K195))/F195 -> 0.49006623 | X195: =V195+W195 -> 0.86860572 | Y195: =M195/(M195+F195) -> 0.090361446 | Z195: =N195/(N195+F195) -> 0.10385757 | AA195: =W195-U195 -> 0.17549669

Sheet MoneyBall(2003-2013)
A1: playerID | B1: yearID | C1: stint | D1: teamID | E1: lgID | F1: G | G1: AB | H1: R | I1: H | J1: 2B | K1: 3B | L1: HR | M1: RBI | N1: SB | O1: CS | P1: BB | Q1: SO | R1: IBB | S1: HBP | T1: SH | U1: SF | V1: GIDP | W1: startingPos | X1: Batting Average | Y1: On base percentage | Z1: Slugging (Power) | AA1: OPS (Offensive Value) | AB1: Walk % | AC1: Strikeout % | AD1: ISO (isolated power)
A2: anderga01 | B2: 2003 | C2: 1 | D2: ANA | E2: AL | F2: 159 | G2: 638 | H2: 80 | I2: 201 | J2: 49 | K2: 4 | L2: 29 | M2: 116 | N2: 6 | O2: 3 | P2: 31 | Q2: 83 | R2: 10.0 | S2: 0.0 | T2: 0.0 | U2: 4.0 | V2: 15.0 | W2: 7.0 | X2: =I2/G2 -> 0.31504702 | Y2: =(I2+P2+R2+S2)/(G2+P2+R2+S2+U2) -> 0.35431918 | Z2: =((I2-J2-K2-L2)+(2*J2)+(3*K2)+(4*L2))/G2 -> 0.54075235 | AA2: =Y2+Z2 -> 0.89507153 | AB2: =P2/(P2+G2) -> 0.046337818 | AC2: =Q2/(Q2+G2) -> 0.11511789 | AD2: =Z2-X2 -> 0.22570533
A3: bondsba01 | B3: 2003 | C3: 1 | D3: SFN | E3: NL | F3: 130 | G3: 390 | H3: 111 | I3: 133 | J3: 22 | K3: 1 | L3: 45 | M3: 90 | N3: 7 | O3: 0 | P3: 148 | Q3: 58 | R3: 61.0 | S3: 10.0 | T3: 0.0 | U3: 2.0 | V3: 7.0 | W3: 10.0 | X3: =I3/G3 -> 0.34102564 | Y3: =(I3+P3+R3+S3)/(G3+P3+R3+S3+U3) -> 0.57610475 | Z3: =((I3-J3-K3-L3)+(2*J3)+(3*K3)+(4*L3))/G3 -> 0.74871795 | AA3: =Y3+Z3 -> 1.3248227 | AB3: =P3/(P3+G3) -> 0.27509294 | AC3: =Q3/(Q3+G3) -> 0.12946429 | AD3: =Z3-X3 -> 0.40769231
A4: delgaca01 | B4: 2003 | C4: 1 | D4: TOR | E4: AL | F4: 161 | G4: 570 | H4: 117 | I4: 172 | J4: 38 | K4: 1 | L4: 42 | M4: 145 | N4: 0 | O4: 0 | P4: 109 | Q4: 137 | R4: 23.0 | S4: 19.0 | T4: 0.0 | U4: 7.0 | V4: 9.0 | W4: 3.0 | X4: =I4/G4 -> 0.30175439 | Y4: =(I4+P4+R4+S4)/(G4+P4+R4+S4+U4) -> 0.44368132 | Z4: =((I4-J4-K4-L4)+(2*J4)+(3*K4)+(4*L4))/G4 -> 0.59298246 | AA4: =Y4+Z4 -> 1.0366638 | AB4: =P4/(P4+G4) -> 0.16053019 | AC4: =Q4/(Q4+G4) -> 0.19377652 | AD4: =Z4-X4 -> 0.29122807
A5: edmonji01 | B5: 2003 | C5: 1 | D5: SLN | E5: NL | F5: 137 | G5: 447 | H5: 89 | I5: 123 | J5: 32 | K5: 2 | L5: 39 | M5: 89 | N5: 1 | O5: 3 | P5: 77 | Q5: 127 | R5: 6.0 | S5: 4.0 | T5: 1.0 | U5: 2.0 | V5: 11.0 | W5: 8.0 | X5: =I5/G5 -> 0.27516779 | Y5: =(I5+P5+R5+S5)/(G5+P5+R5+S5+U5) -> 0.39179104 | Z5: =((I5-J5-K5-L5)+(2*J5)+(3*K5)+(4*L5))/G5 -> 0.61744966 | AA5: =Y5+Z5 -> 1.0092407 | AB5: =P5/(P5+G5) -> 0.14694656 | AC5: =Q5/(Q5+G5) -> 0.22125436 | AD5: =Z5-X5 -> 0.34228188
A6: glaustr01 | B6: 2003 | C6: 1 | D6: ANA | E6: AL | F6: 91 | G6: 319 | H6: 53 | I6: 79 | J6: 17 | K6: 2 | L6: 16 | M6: 50 | N6: 7 | O6: 2 | P6: 46 | Q6: 73 | R6: 4.0 | S6: 1.0 | T6: 0.0 | U6: 1.0 | V6: 8.0 | W6: 5.0 | X6: =I6/G6 -> 0.2476489 | Y6: =(I6+P6+R6+S6)/(G6+P6+R6+S6+U6) -> 0.35040431 | Z6: =((I6-J6-K6-L6)+(2*J6)+(3*K6)+(4*L6))/G6 -> 0.46394984 | AA6: =Y6+Z6 -> 0.81435416 | AB6: =P6/(P6+G6) -> 0.1260274 | AC6: =Q6/(Q6+G6) -> 0.18622449 | AD6: =Z6-X6 -> 0.21630094
A7: heltoto01 | B7: 2003 | C7: 1 | D7: COL | E7: NL | F7: 160 | G7: 583 | H7: 135 | I7: 209 | J7: 49 | K7: 5 | L7: 33 | M7: 117 | N7: 0 | O7: 4 | P7: 111 | Q7: 72 | R7: 21.0 | S7: 2.0 | T7: 0.0 | U7: 7.0 | V7: 19.0 | W7: 3.0 | X7: =I7/G7 -> 0.35849057 | Y7: =(I7+P7+R7+S7)/(G7+P7+R7+S7+U7) -> 0.47375691 | Z7: =((I7-J7-K7-L7)+(2*J7)+(3*K7)+(4*L7))/G7 -> 0.62950257 | AA7: =Y7+Z7 -> 1.1032595 | AB7: =P7/(P7+G7) -> 0.15994236 | AC7: =Q7/(Q7+G7) -> 0.10992366 | AD7: =Z7-X7 -> 0.27101201
A8: loaizes01 | B8: 2003 | C8: 1 | D8: CHA | E8: AL | F8: 34 | G8: 5 | H8: 1 | I8: 1 | J8: 0 | K8: 0 | L8: 0 | M8: 0 | N8: 0 | O8: 0 | P8: 0 | Q8: 2 | R8: 0.0 | S8: 0.0 | T8: 1.0 | U8: 0.0 | V8: 0.0 | W8: 1.0 | X8: =I8/G8 -> 0.2 | Y8: =(I8+P8+R8+S8)/(G8+P8+R8+S8+U8) -> 0.2 | Z8: =((I8-J8-K8-L8)+(2*J8)+(3*K8)+(4*L8))/G8 -> 0.2 | AA8: =Y8+Z8 -> 0.4 | AB8: =P8/(P8+G8) -> 0 | AC8: =Q8/(Q8+G8) -> 0.28571429 | AD8: =Z8-X8 -> 0
A9: lopezja01 | B9: 2003 | C9: 1 | D9: ATL | E9: NL | F9: 129 | G9: 457 | H9: 89 | I9: 150 | J9: 29 | K9: 3 | L9: 43 | M9: 109 | N9: 0 | O9: 1 | P9: 33 | Q9: 90 | R9: 5.0 | S9: 4.0 | T9: 0.0 | U9: 1.0 | V9: 10.0 | W9: 2.0 | X9: =I9/G9 -> 0.32822757 | Y9: =(I9+P9+R9+S9)/(G9+P9+R9+S9+U9) -> 0.384 | Z9: =((I9-J9-K9-L9)+(2*J9)+(3*K9)+(4*L9))/G9 -> 0.68708972 | AA9: =Y9+Z9 -> 1.0710897 | AB9: =P9/(P9+G9) -> 0.067346939 | AC9: =Q9/(Q9+G9) -> 0.16453382 | AD9: =Z9-X9 -> 0.35886214
A10: martied01 | B10: 2003 | C10: 1 | D10: SEA | E10: AL | F10: 145 | G10: 497 | H10: 72 | I10: 146 | J10: 25 | K10: 0 | L10: 24 | M10: 98 | N10: 0 | O10: 1 | P10: 92 | Q10: 95 | R10: 7.0 | S10: 7.0 | T10: 0.0 | U10: 7.0 | V10: 17.0 | W10: 10.0 | X10: =I10/G10 -> 0.29376258 | Y10: =(I10+P10+R10+S10)/(G10+P10+R10+S10+U10) -> 0.41311475 | Z10: =((I10-J10-K10-L10)+(2*J10)+(3*K10)+(4*L10))/G10 -> 0.4889336 | AA10: =Y10+Z10 -> 0.90204836 | AB10: =P10/(P10+G10) -> 0.15619694 | AC10: =Q10/(Q10+G10) -> 0.16047297 | AD10: =Z10-X10 -> 0.19517103
A11: matsuhi01 | B11: 2003 | C11: 1 | D11: NYA | E11: AL | F11: 163 | G11: 623 | H11: 82 | I11: 179 | J11: 42 | K11: 1 | L11: 16 | M11: 106 | N11: 2 | O11: 2 | P11: 63 | Q11: 86 | R11: 5.0 | S11: 3.0 | T11: 0.0 | U11: 6.0 | V11: 25.0 | W11: 8.0 | X11: =I11/G11 -> 0.28731942 | Y11: =(I11+P11+R11+S11)/(G11+P11+R11+S11+U11) -> 0.35714286 | Z11: =((I11-J11-K11-L11)+(2*J11)+(3*K11)+(4*L11))/G11 -> 0.43499197 | AA11: =Y11+Z11 -> 0.79213483 | AB11: =P11/(P11+G11) -> 0.091836735 | AC11: =Q11/(Q11+G11) -> 0.1212976 | AD11: =Z11-X11 -> 0.14767255
A12: posadjo01 | B12: 2003 | C12: 1 | D12: NYA | E12: AL | F12: 142 | G12: 481 | H12: 83 | I12: 135 | J12: 24 | K12: 0 | L12: 30 | M12: 101 | N12: 2 | O12: 4 | P12: 93 | Q12: 110 | R12: 6.0 | S12: 10.0 | T12: 0.0 | U12: 4.0 | V12: 13.0 | W12: 2.0 | X12: =I12/G12 -> 0.28066528 | Y12: =(I12+P12+R12+S12)/(G12+P12+R12+S12+U12) -> 0.41077441 | Z12: =((I12-J12-K12-L12)+(2*J12)+(3*K12)+(4*L12))/G12 -> 0.51767152 | AA12: =Y12+Z12 -> 0.92844593 | AB12: =P12/(P12+G12) -> 0.16202091 | AC12: =Q12/(Q12+G12) -> 0.18612521 | AD12: =Z12-X12 -> 0.23700624
A13: pujolal01 | B13: 2003 | C13: 1 | D13: SLN | E13: NL | F13: 157 | G13: 591 | H13: 137 | I13: 212 | J13: 51 | K13: 1 | L13: 43 | M13: 124 | N13: 5 | O13: 1 | P13: 79 | Q13: 65 | R13: 12.0 | S13: 10.0 | T13: 0.0 | U13: 5.0 | V13: 13.0 | W13: 7.0 | X13: =I13/G13 -> 0.35871404 | Y13: =(I13+P13+R13+S13)/(G13+P13+R13+S13+U13) -> 0.44906743 | Z13: =((I13-J13-K13-L13)+(2*J13)+(3*K13)+(4*L13))/G13 -> 0.66666667 | AA13: =Y13+Z13 -> 1.1157341 | AB13: =P13/(P13+G13) -> 0.11791045 | AC13: =Q13/(Q13+G13) -> 0.099085366 | AD13: =Z13-X13 -> 0.30795262
... A215: wrighda03 | B215: 2013 | C215: 1 | D215: NYN | E215: NL | F215: 112 | G215: 430 | H215: 63 | I215: 132 | J215: 23 | K215: 6 | L215: 18 | M215: 58 | N215: 17 | O215: 3 | P215: 55 | Q215: 79 | R215: 5.0 | S215: 5.0 | T215: 0.0 | U215: 2.0 | V215: 11.0 | W215: 5.0 | X215: =I215/G215 -> 0.30697674 | Y215: =(I215+P215+R215+S215)/(G215+P215+R215+S215+U215) -> 0.39637827 | Z215: =((I215-J215-K215-L215)+(2*J215)+(3*K215)+(4*L215))/G215 -> 0.51395349 | AA215: =Y215+Z215 -> 0.91033176 | AB215: =P215/(P215+G215) -> 0.11340206 | AC215: =Q215/(Q215+G215) -> 0.15520629 | AD215: =Z215-X215 -> 0.20697674

Sheet Cleaned MLB Stats Dataset
A1: Era | B1: Year | C1: Player | D1: League | E1: Team | F1: Position | G1: Position# | H1: At Bats | I1: Hits | J1: 2B | K1: 3B | L1: HR | M1: Runs | N1: RBI | O1: Strikeouts | P1: Walks | Q1: Int Walks | R1: Hit By Pitch | S1: Sac Fly | T1: Sac Bunt | U1: Batting Average | V1: Strikeout % | W1: Walk % | X1: On Base Percentage | Y1: Slugging % | Z1: OPS (On Base + Slugging) | AA1: ISO (Isolated Power | AB1: EA Batting Avg. | AC1: EA On Base % | AD1: EA Slugging % | AE1: EA On Base + Slugging | AF1: EA ISO
A2: Moneyball Era | B2: 2012 | C2: napolmi01 | D2: AL | E2: TEX | F2: =_xlfn.XLOOKUP(Cleaned_MLB_Stats_Dataset__1[[#This Row],[Position'#]],$B$373:$B$382,$A$373:$A$382) -> C | G2: 2 | H2: 352 | I2: 80 | J2: 9 | K2: 2 | L2: 24 | M2: 53 | N2: 56 | O2: 125 | P2: 56 | Q2: 5 | R2: 7 | S2: 2 | T2: 0 | U2: =Cleaned_MLB_Stats_Dataset__1[[#This Row],[Hits]]/Cleaned_MLB_Stats_Dataset__1[[#This Row],[At Bats]] -> 0.22727273 | V2: =Cleaned_MLB_Stats_Dataset__1[[#This Row],[Strikeouts]]/(Cleaned_MLB_Stats_Dataset__1[[#This Row],[At Bats]]+Cleaned_MLB_Stats_Dataset__1[[#This Row],[Walks]]) -> 0.30637255 | W2: =(Cleaned_MLB_Stats_Dataset__1[[#This Row],[Walks]]+Cleaned_MLB_Stats_Dataset__1[[#This Row],[Hit By Pitch]])/(Cleaned_MLB_Stats_Dataset__1[[#This Row],[At Bats]]+Cleaned_MLB_Stats_Dataset__1[[#This Row],[Walks]]+Cleaned_MLB_Stats_Dataset__1[[#This Row],[Hit By Pitch]]) -> 0.15180723 | X2: =(Cleaned_MLB_Stats_Dataset__1[[#This Row],[Hits]]+Cleaned_MLB_Stats_Dataset__1[[#This Row],[Walks]]+Cleaned_MLB_Stats_Dataset__1[[#This Row],[Hit By Pitch]])/(Cleaned_MLB_Stats_Dataset__1[[#This Row],[At Bats]]+Cleaned_MLB_Stats_Dataset__1[[#This Row],[Walks]]+Cleaned_MLB_Stats_Dataset__1[[#This Row],[Hit By Pitch]]+Cleaned_MLB_Stats_Dataset__1[[#This Row],[Sac Fly]]) -> 0.34292566 | Y2: =((Cleaned_MLB_Stats_Dataset__1[[#This Row],[Hits]]-(Cleaned_MLB_Stats_Dataset__1[[#This Row],[2B]]+Cleaned_MLB_Stats_Dataset__1[[#This Row],[3B]]+Cleaned_MLB_Stats_Dataset__1[[#This Row],[HR]]))+(Cleaned_MLB_Stats_Dataset__1[[#This Row],[2B]]*2)+(Cleaned_MLB_Stats_Dataset__1[[#This Row],[3B]]*3)+(Cleaned_MLB_Stats_Dataset__1[[#This Row],[HR]]*4))/Cleaned_MLB_Stats_Dataset__1[[#This Row],[At Bats]] -> 0.46875 | Z2: =Cleaned_MLB_Stats_Dataset__1[[#This Row],[On Base Percentage]]+Cleaned_MLB_Stats_Dataset__1[[#This Row],[Slugging %]] -> 0.81167566 | AA2: =Cleaned_MLB_Stats_Dataset__1[[#This Row],[Slugging %]]-Cleaned_MLB_Stats_Dataset__1[[#This Row],[Batting Average]] -> 0.24147727 | AB2: =Cleaned_MLB_Stats_Dataset__1[[#This Row],[Batting Average]]-_xlfn.XLOOKUP(Cleaned_MLB_Stats_Dataset__1[[#This Row],[Year]],'League Averages'!$A$3:$A$23,'League Averages'!$B$3:$B$23) -> -0.027727273 | AC2: =Cleaned_MLB_Stats_Dataset__1[[#This Row],[On Base Percentage]]-_xlfn.XLOOKUP(Cleaned_MLB_Stats_Dataset__1[[#This Row],[Year]],'League Averages'!$A$3:$A$23,'League Averages'!$C$3:$C$23) -> 0.023925659 | AD2: =Cleaned_MLB_Stats_Dataset__1[[#This Row],[Slugging %]]-_xlfn.XLOOKUP(Cleaned_MLB_Stats_Dataset__1[[#This Row],[Year]],'League Averages'!$A$3:$A$23,'League Averages'!$D$3:$D$23) -> 0.06375 | AE2: =Cleaned_MLB_Stats_Dataset__1[[#This Row],[OPS (On Base + Slugging)]]-_xlfn.XLOOKUP(Cleaned_MLB_Stats_Dataset__1[[#This Row],[Year]],'League Averages'!$A$3:$A$23,'League Averages'!$E$3:$E$23) -> 0.087675659 | AF2: =Cleaned_MLB_Stats_Dataset__1[[#This Row],[ISO (Isolated Power]]-_xlfn.XLOOKUP(Cleaned_MLB_Stats_Dataset__1[[#This Row],[Year]],'League Averages'!$A$3:$A$23,'League Averages'!$F$3:$F$23) -> 0.091477273
A3: Moneyball Era | B3: 2013 | C3: davisch02 | D3: AL | E3: BAL | F3: =_xlfn.XLOOKUP(Cleaned_MLB_Stats_Dataset__1[[#This Row],[Position'#]],$B$373:$B$382,$A$373:$A$382) -> 1B | G3: 3 | H3: 584 | I3: 167 | J3: 42 | K3: 1 | L3: 53 | M3: 103 | N3: 138 | O3: 199 | P3: 72 | Q3: 12 | R3: 10 | S3: 7 | T3: 0 | U3: =Cleaned_MLB_Stats_Dataset__1[[#This Row],[Hits]]/Cleaned_MLB_Stats_Dataset__1[[#This Row],[At Bats]] -> 0.2859589 | V3: =Cleaned_MLB_Stats_Dataset__1[[#This Row],[Strikeouts]]/(Cleaned_MLB_Stats_Dataset__1[[#This Row],[At Bats]]+Cleaned_MLB_Stats_Dataset__1[[#This Row],[Walks]]) -> 0.30335366 | W3: =(Cleaned_MLB_Stats_Dataset__1[[#This Row],[Walks]]+Cleaned_MLB_Stats_Dataset__1[[#This Row],[Hit By Pitch]])/(Cleaned_MLB_Stats_Dataset__1[[#This Row],[At Bats]]+Cleaned_MLB_Stats_Dataset__1[[#This Row],[Walks]]+Cleaned_MLB_Stats_Dataset__1[[#This Row],[Hit By Pitch]]) -> 0.12312312 | X3: =(Cleaned_MLB_Stats_Dataset__1[[#This Row],[Hits]]+Cleaned_MLB_Stats_Dataset__1[[#This Row],[Walks]]+Cleaned_MLB_Stats_Dataset__1[[#This Row],[Hit By Pitch]])/(Cleaned_MLB_Stats_Dataset__1[[#This Row],[At Bats]]+Cleaned_MLB_Stats_Dataset__1[[#This Row],[Walks]]+Cleaned_MLB_Stats_Dataset__1[[#This Row],[Hit By Pitch]]+Cleaned_MLB_Stats_Dataset__1[[#This Row],[Sac Fly]]) -> 0.36998514 | Y3: =((Cleaned_MLB_Stats_Dataset__1[[#This Row],[Hits]]-(Cleaned_MLB_Stats_Dataset__1[[#This Row],[2B]]+Cleaned_MLB_Stats_Dataset__1[[#This Row],[3B]]+Cleaned_MLB_Stats_Dataset__1[[#This Row],[HR]]))+(Cleaned_MLB_Stats_Dataset__1[[#This Row],[2B]]*2)+(Cleaned_MLB_Stats_Dataset__1[[#This Row],[3B]]*3)+(Cleaned_MLB_Stats_Dataset__1[[#This Row],[HR]]*4))/Cleaned_MLB_Stats_Dataset__1[[#This Row],[At Bats]] -> 0.63356164 | Z3: =Cleaned_MLB_Stats_Dataset__1[[#This Row],[On Base Percentage]]+Cleaned_MLB_Stats_Dataset__1[[#This Row],[Slugging %]] -> 1.0035468 | AA3: =Cleaned_MLB_Stats_Dataset__1[[#This Row],[Slugging %]]-Cleaned_MLB_Stats_Dataset__1[[#This Row],[Batting Average]] -> 0.34760274 | AB3: =Cleaned_MLB_Stats_Dataset__1[[#This Row],[Batting Average]]-_xlfn.XLOOKUP(Cleaned_MLB_Stats_Dataset__1[[#This Row],[Year]],'League Averages'!$A$3:$A$23,'League Averages'!$B$3:$B$23) -> 0.032958904 | AC3: =Cleaned_MLB_Stats_Dataset__1[[#This Row],[On Base Percentage]]-_xlfn.XLOOKUP(Cleaned_MLB_Stats_Dataset__1[[#This Row],[Year]],'League Averages'!$A$3:$A$23,'League Averages'!$C$3:$C$23) -> 0.051985141 | AD3: =Cleaned_MLB_Stats_Dataset__1[[#This Row],[Slugging %]]-_xlfn.XLOOKUP(Cleaned_MLB_Stats_Dataset__1[[#This Row],[Year]],'League Averages'!$A$3:$A$23,'League Averages'!$D$3:$D$23) -> 0.23756164 | AE3: =Cleaned_MLB_Stats_Dataset__1[[#This Row],[OPS (On Base + Slugging)]]-_xlfn.XLOOKUP(Cleaned_MLB_Stats_Dataset__1[[#This Row],[Year]],'League Averages'!$A$3:$A$23,'League Averages'!$E$3:$E$23) -> 0.28954678 | AF3: =Cleaned_MLB_Stats_Dataset__1[[#This Row],[ISO (Isolated Power]]-_xlfn.XLOOKUP(Cleaned_MLB_Stats_Dataset__1[[#This Row],[Year]],'League Averages'!$A$3:$A$23,'League Averages'!$F$3:$F$23) -> 0.20460274
A4: Moneyball Era | B4: 2012 | C4: grandcu01 | D4: AL | E4: NYA | F4: =_xlfn.XLOOKUP(Cleaned_MLB_Stats_Dataset__1[[#This Row],[Position'#]],$B$373:$B$382,$A$373:$A$382) -> CF | G4: 8 | H4: 596 | I4: 138 | J4: 18 | K4: 4 | L4: 43 | M4: 102 | N4: 106 | O4: 195 | P4: 75 | Q4: 4 | R4: 5 | S4: 7 | T4: 1 | U4: =Cleaned_MLB_Stats_Dataset__1[[#This Row],[Hits]]/Cleaned_MLB_Stats_Dataset__1[[#This Row],[At Bats]] -> 0.23154362 | V4: =Cleaned_MLB_Stats_Dataset__1[[#This Row],[Strikeouts]]/(Cleaned_MLB_Stats_Dataset__1[[#This Row],[At Bats]]+Cleaned_MLB_Stats_Dataset__1[[#This Row],[Walks]]) -> 0.29061103 | W4: =(Cleaned_MLB_Stats_Dataset__1[[#This Row],[Walks]]+Cleaned_MLB_Stats_Dataset__1[[#This Row],[Hit By Pitch]])/(Cleaned_MLB_Stats_Dataset__1[[#This Row],[At Bats]]+Cleaned_MLB_Stats_Dataset__1[[#This Row],[Walks]]+Cleaned_MLB_Stats_Dataset__1[[#This Row],[Hit By Pitch]]) -> 0.1183432 | X4: =(Cleaned_MLB_Stats_Dataset__1[[#This Row],[Hits]]+Cleaned_MLB_Stats_Dataset__1[[#This Row],[Walks]]+Cleaned_MLB_Stats_Dataset__1[[#This Row],[Hit By Pitch]])/(Cleaned_MLB_Stats_Dataset__1[[#This Row],[At Bats]]+Cleaned_MLB_Stats_Dataset__1[[#This Row],[Walks]]+Cleaned_MLB_Stats_Dataset__1[[#This Row],[Hit By Pitch]]+Cleaned_MLB_Stats_Dataset__1[[#This Row],[Sac Fly]]) -> 0.31918009 | Y4: =((Cleaned_MLB_Stats_Dataset__1[[#This Row],[Hits]]-(Cleaned_MLB_Stats_Dataset__1[[#This Row],[2B]]+Cleaned_MLB_Stats_Dataset__1[[#This Row],[3B]]+Cleaned_MLB_Stats_Dataset__1[[#This Row],[HR]]))+(Cleaned_MLB_Stats_Dataset__1[[#This Row],[2B]]*2)+(Cleaned_MLB_Stats_Dataset__1[[#This Row],[3B]]*3)+(Cleaned_MLB_Stats_Dataset__1[[#This Row],[HR]]*4))/Cleaned_MLB_Stats_Dataset__1[[#This Row],[At Bats]] -> 0.49161074 | Z4: =Cleaned_MLB_Stats_Dataset__1[[#This Row],[On Base Percentage]]+Cleaned_MLB_Stats_Dataset__1[[#This Row],[Slugging %]] -> 0.81079083 | AA4: =Cleaned_MLB_Stats_Dataset__1[[#This Row],[Slugging %]]-Cleaned_MLB_Stats_Dataset__1[[#This Row],[Batting Average]] -> 0.26006711 | AB4: =Cleaned_MLB_Stats_Dataset__1[[#This Row],[Batting Average]]-_xlfn.XLOOKUP(Cleaned_MLB_Stats_Dataset__1[[#This Row],[Year]],'League Averages'!$A$3:$A$23,'League Averages'!$B$3:$B$23) -> -0.023456376 | AC4: =Cleaned_MLB_Stats_Dataset__1[[#This Row],[On Base Percentage]]-_xlfn.XLOOKUP(Cleaned_MLB_Stats_Dataset__1[[#This Row],[Year]],'League Averages'!$A$3:$A$23,'League Averages'!$C$3:$C$23) -> 0.00018008785 | AD4: =Cleaned_MLB_Stats_Dataset__1[[#This Row],[Slugging %]]-_xlfn.XLOOKUP(Cleaned_MLB_Stats_Dataset__1[[#This Row],[Year]],'League Averages'!$A$3:$A$23,'League Averages'!$D$3:$D$23) -> 0.086610738 | AE4: =Cleaned_MLB_Stats_Dataset__1[[#This Row],[OPS (On Base + Slugging)]]-_xlfn.XLOOKUP(Cleaned_MLB_Stats_Dataset__1[[#This Row],[Year]],'League Averages'!$A$3:$A$23,'League Averages'!$E$3:$E$23) -> 0.086790826 | AF4: =Cleaned_MLB_Stats_Dataset__1[[#This Row],[ISO (Isolated Power]]-_xlfn.XLOOKUP(Cleaned_MLB_Stats_Dataset__1[[#This Row],[Year]],'League Averages'!$A$3:$A$23,'League Averages'!$F$3:$F$23) -> 0.11006711
A5: Moneyball Era | B5: 2013 | C5: gonzaca01 | D5: NL | E5: COL | F5: =_xlfn.XLOOKUP(Cleaned_MLB_Stats_Dataset__1[[#This Row],[Position'#]],$B$373:$B$382,$A$373:$A$382) -> LF | G5: 7 | H5: 391 | I5: 118 | J5: 23 | K5: 6 | L5: 26 | M5: 72 | N5: 70 | O5: 118 | P5: 41 | Q5: 2 | R5: 1 | S5: 3 | T5: 0 | U5: =Cleaned_MLB_Stats_Dataset__1[[#This Row],[Hits]]/Cleaned_MLB_Stats_Dataset__1[[#This Row],[At Bats]] -> 0.30179028 | V5: =Cleaned_MLB_Stats_Dataset__1[[#This Row],[Strikeouts]]/(Cleaned_MLB_Stats_Dataset__1[[#This Row],[At Bats]]+Cleaned_MLB_Stats_Dataset__1[[#This Row],[Walks]]) -> 0.27314815 | W5: =(Cleaned_MLB_Stats_Dataset__1[[#This Row],[Walks]]+Cleaned_MLB_Stats_Dataset__1[[#This Row],[Hit By Pitch]])/(Cleaned_MLB_Stats_Dataset__1[[#This Row],[At Bats]]+Cleaned_MLB_Stats_Dataset__1[[#This Row],[Walks]]+Cleaned_MLB_Stats_Dataset__1[[#This Row],[Hit By Pitch]]) -> 0.096997691 | X5: =(Cleaned_MLB_Stats_Dataset__1[[#This Row],[Hits]]+Cleaned_MLB_Stats_Dataset__1[[#This Row],[Walks]]+Cleaned_MLB_Stats_Dataset__1[[#This Row],[Hit By Pitch]])/(Cleaned_MLB_Stats_Dataset__1[[#This Row],[At Bats]]+Cleaned_MLB_Stats_Dataset__1[[#This Row],[Walks]]+Cleaned_MLB_Stats_Dataset__1[[#This Row],[Hit By Pitch]]+Cleaned_MLB_Stats_Dataset__1[[#This Row],[Sac Fly]]) -> 0.36697248 | Y5: =((Cleaned_MLB_Stats_Dataset__1[[#This Row],[Hits]]-(Cleaned_MLB_Stats_Dataset__1[[#This Row],[2B]]+Cleaned_MLB_Stats_Dataset__1[[#This Row],[3B]]+Cleaned_MLB_Stats_Dataset__1[[#This Row],[HR]]))+(Cleaned_MLB_Stats_Dataset__1[[#This Row],[2B]]*2)+(Cleaned_MLB_Stats_Dataset__1[[#This Row],[3B]]*3)+(Cleaned_MLB_Stats_Dataset__1[[#This Row],[HR]]*4))/Cleaned_MLB_Stats_Dataset__1[[#This Row],[At Bats]] -> 0.59079284 | Z5: =Cleaned_MLB_Stats_Dataset__1[[#This Row],[On Base Percentage]]+Cleaned_MLB_Stats_Dataset__1[[#This Row],[Slugging %]] -> 0.95776532 | AA5: =Cleaned_MLB_Stats_Dataset__1[[#This Row],[Slugging %]]-Cleaned_MLB_Stats_Dataset__1[[#This Row],[Batting Average]] -> 0.28900256 | AB5: =Cleaned_MLB_Stats_Dataset__1[[#This Row],[Batting Average]]-_xlfn.XLOOKUP(Cleaned_MLB_Stats_Dataset__1[[#This Row],[Year]],'League Averages'!$A$3:$A$23,'League Averages'!$B$3:$B$23) -> 0.048790281 | AC5: =Cleaned_MLB_Stats_Dataset__1[[#This Row],[On Base Percentage]]-_xlfn.XLOOKUP(Cleaned_MLB_Stats_Dataset__1[[#This Row],[Year]],'League Averages'!$A$3:$A$23,'League Averages'!$C$3:$C$23) -> 0.048972477 | AD5: =Cleaned_MLB_Stats_Dataset__1[[#This Row],[Slugging %]]-_xlfn.XLOOKUP(Cleaned_MLB_Stats_Dataset__1[[#This Row],[Year]],'League Averages'!$A$3:$A$23,'League Averages'!$D$3:$D$23) -> 0.19479284 | AE5: =Cleaned_MLB_Stats_Dataset__1[[#This Row],[OPS (On Base + Slugging)]]-_xlfn.XLOOKUP(Cleaned_MLB_Stats_Dataset__1[[#This Row],[Year]],'League Averages'!$A$3:$A$23,'League Averages'!$E$3:$E$23) -> 0.24376532 | AF5: =Cleaned_MLB_Stats_Dataset__1[[#This Row],[ISO (Isolated Power]]-_xlfn.XLOOKUP(Cleaned_MLB_Stats_Dataset__1[[#This Row],[Year]],'League Averages'!$A$3:$A$23,'League Averages'!$F$3:$F$23) -> 0.14600256
A6: Moneyball Era | B6: 2012 | C6: ugglada01 | D6: NL | E6: ATL | F6: =_xlfn.XLOOKUP(Cleaned_MLB_Stats_Dataset__1[[#This Row],[Position'#]],$B$373:$B$382,$A$373:$A$382) -> 2B | G6: 4 | H6: 523 | I6: 115 | J6: 29 | K6: 0 | L6: 19 | M6: 86 | N6: 78 | O6: 168 | P6: 94 | Q6: 5 | R6: 10 | S6: 3 | T6: 0 | U6: =Cleaned_MLB_Stats_Dataset__1[[#This Row],[Hits]]/Cleaned_MLB_Stats_Dataset__1[[#This Row],[At Bats]] -> 0.21988528 | V6: =Cleaned_MLB_Stats_Dataset__1[[#This Row],[Strikeouts]]/(Cleaned_MLB_Stats_Dataset__1[[#This Row],[At Bats]]+Cleaned_MLB_Stats_Dataset__1[[#This Row],[Walks]]) -> 0.27228525 | W6: =(Cleaned_MLB_Stats_Dataset__1[[#This Row],[Walks]]+Cleaned_MLB_Stats_Dataset__1[[#This Row],[Hit By Pitch]])/(Cleaned_MLB_Stats_Dataset__1[[#This Row],[At Bats]]+Cleaned_MLB_Stats_Dataset__1[[#This Row],[Walks]]+Cleaned_MLB_Stats_Dataset__1[[#This Row],[Hit By Pitch]]) -> 0.16586922 | X6: =(Cleaned_MLB_Stats_Dataset__1[[#This Row],[Hits]]+Cleaned_MLB_Stats_Dataset__1[[#This Row],[Walks]]+Cleaned_MLB_Stats_Dataset__1[[#This Row],[Hit By Pitch]])/(Cleaned_MLB_Stats_Dataset__1[[#This Row],[At Bats]]+Cleaned_MLB_Stats_Dataset__1[[#This Row],[Walks]]+Cleaned_MLB_Stats_Dataset__1[[#This Row],[Hit By Pitch]]+Cleaned_MLB_Stats_Dataset__1[[#This Row],[Sac Fly]]) -> 0.34761905 | Y6: =((Cleaned_MLB_Stats_Dataset__1[[#This Row],[Hits]]-(Cleaned_MLB_Stats_Dataset__1[[#This Row],[2B]]+Cleaned_MLB_Stats_Dataset__1[[#This Row],[3B]]+Cleaned_MLB_Stats_Dataset__1[[#This Row],[HR]]))+(Cleaned_MLB_Stats_Dataset__1[[#This Row],[2B]]*2)+(Cleaned_MLB_Stats_Dataset__1[[#This Row],[3B]]*3)+(Cleaned_MLB_Stats_Dataset__1[[#This Row],[HR]]*4))/Cleaned_MLB_Stats_Dataset__1[[#This Row],[At Bats]] -> 0.38432122 | Z6: =Cleaned_MLB_Stats_Dataset__1[[#This Row],[On Base Percentage]]+Cleaned_MLB_Stats_Dataset__1[[#This Row],[Slugging %]] -> 0.73194027 | AA6: =Cleaned_MLB_Stats_Dataset__1[[#This Row],[Slugging %]]-Cleaned_MLB_Stats_Dataset__1[[#This Row],[Batting Average]] -> 0.16443595 | AB6: =Cleaned_MLB_Stats_Dataset__1[[#This Row],[Batting Average]]-_xlfn.XLOOKUP(Cleaned_MLB_Stats_Dataset__1[[#This Row],[Year]],'League Averages'!$A$3:$A$23,'League Averages'!$B$3:$B$23) -> -0.035114723 | AC6: =Cleaned_MLB_Stats_Dataset__1[[#This Row],[On Base Percentage]]-_xlfn.XLOOKUP(Cleaned_MLB_Stats_Dataset__1[[#This Row],[Year]],'League Averages'!$A$3:$A$23,'League Averages'!$C$3:$C$23) -> 0.028619048 | AD6: =Cleaned_MLB_Stats_Dataset__1[[#This Row],[Slugging %]]-_xlfn.XLOOKUP(Cleaned_MLB_Stats_Dataset__1[[#This Row],[Year]],'League Averages'!$A$3:$A$23,'League Averages'!$D$3:$D$23) -> -0.020678776 | AE6: =Cleaned_MLB_Stats_Dataset__1[[#This Row],[OPS (On Base + Slugging)]]-_xlfn.XLOOKUP(Cleaned_MLB_Stats_Dataset__1[[#This Row],[Year]],'League Averages'!$A$3:$A$23,'League Averages'!$E$3:$E$23) -> 0.0079402713 | AF6: =Cleaned_MLB_Stats_Dataset__1[[#This Row],[ISO (Isolated Power]]-_xlfn.XLOOKUP(Cleaned_MLB_Stats_Dataset__1[[#This Row],[Year]],'League Averages'!$A$3:$A$23,'League Averages'!$F$3:$F$23) -> 0.014435946
A7: Moneyball Era | B7: 2012 | C7: hamiljo03 | D7: AL | E7: TEX | F7: =_xlfn.XLOOKUP(Cleaned_MLB_Stats_Dataset__1[[#This Row],[Position'#]],$B$373:$B$382,$A$373:$A$382) -> LF | G7: 7 | H7: 562 | I7: 160 | J7: 31 | K7: 2 | L7: 43 | M7: 103 | N7: 128 | O7: 162 | P7: 60 | Q7: 13 | R7: 5 | S7: 9 | T7: 0 | U7: =Cleaned_MLB_Stats_Dataset__1[[#This Row],[Hits]]/Cleaned_MLB_Stats_Dataset__1[[#This Row],[At Bats]] -> 0.28469751 | V7: =Cleaned_MLB_Stats_Dataset__1[[#This Row],[Strikeouts]]/(Cleaned_MLB_Stats_Dataset__1[[#This Row],[At Bats]]+Cleaned_MLB_Stats_Dataset__1[[#This Row],[Walks]]) -> 0.26045016 | W7: =(Cleaned_MLB_Stats_Dataset__1[[#This Row],[Walks]]+Cleaned_MLB_Stats_Dataset__1[[#This Row],[Hit By Pitch]])/(Cleaned_MLB_Stats_Dataset__1[[#This Row],[At Bats]]+Cleaned_MLB_Stats_Dataset__1[[#This Row],[Walks]]+Cleaned_MLB_Stats_Dataset__1[[#This Row],[Hit By Pitch]]) -> 0.10366826 | X7: =(Cleaned_MLB_Stats_Dataset__1[[#This Row],[Hits]]+Cleaned_MLB_Stats_Dataset__1[[#This Row],[Walks]]+Cleaned_MLB_Stats_Dataset__1[[#This Row],[Hit By Pitch]])/(Cleaned_MLB_Stats_Dataset__1[[#This Row],[At Bats]]+Cleaned_MLB_Stats_Dataset__1[[#This Row],[Walks]]+Cleaned_MLB_Stats_Dataset__1[[#This Row],[Hit By Pitch]]+Cleaned_MLB_Stats_Dataset__1[[#This Row],[Sac Fly]]) -> 0.35377358 | Y7: =((Cleaned_MLB_Stats_Dataset__1[[#This Row],[Hits]]-(Cleaned_MLB_Stats_Dataset__1[[#This Row],[2B]]+Cleaned_MLB_Stats_Dataset__1[[#This Row],[3B]]+Cleaned_MLB_Stats_Dataset__1[[#This Row],[HR]]))+(Cleaned_MLB_Stats_Dataset__1[[#This Row],[2B]]*2)+(Cleaned_MLB_Stats_Dataset__1[[#This Row],[3B]]*3)+(Cleaned_MLB_Stats_Dataset__1[[#This Row],[HR]]*4))/Cleaned_MLB_Stats_Dataset__1[[#This Row],[At Bats]] -> 0.57651246 | Z7: =Cleaned_MLB_Stats_Dataset__1[[#This Row],[On Base Percentage]]+Cleaned_MLB_Stats_Dataset__1[[#This Row],[Slugging %]] -> 0.93028604 | AA7: =Cleaned_MLB_Stats_Dataset__1[[#This Row],[Slugging %]]-Cleaned_MLB_Stats_Dataset__1[[#This Row],[Batting Average]] -> 0.29181495 | AB7: =Cleaned_MLB_Stats_Dataset__1[[#This Row],[Batting Average]]-_xlfn.XLOOKUP(Cleaned_MLB_Stats_Dataset__1[[#This Row],[Year]],'League Averages'!$A$3:$A$23,'League Averages'!$B$3:$B$23) -> 0.029697509 | AC7: =Cleaned_MLB_Stats_Dataset__1[[#This Row],[On Base Percentage]]-_xlfn.XLOOKUP(Cleaned_MLB_Stats_Dataset__1[[#This Row],[Year]],'League Averages'!$A$3:$A$23,'League Averages'!$C$3:$C$23) -> 0.034773585 | AD7: =Cleaned_MLB_Stats_Dataset__1[[#This Row],[Slugging %]]-_xlfn.XLOOKUP(Cleaned_MLB_Stats_Dataset__1[[#This Row],[Year]],'League Averages'!$A$3:$A$23,'League Averages'!$D$3:$D$23) -> 0.17151246 | AE7: =Cleaned_MLB_Stats_Dataset__1[[#This Row],[OPS (On Base + Slugging)]]-_xlfn.XLOOKUP(Cleaned_MLB_Stats_Dataset__1[[#This Row],[Year]],'League Averages'!$A$3:$A$23,'League Averages'!$E$3:$E$23) -> 0.20628604 | AF7: =Cleaned_MLB_Stats_Dataset__1[[#This Row],[ISO (Isolated Power]]-_xlfn.XLOOKUP(Cleaned_MLB_Stats_Dataset__1[[#This Row],[Year]],'League Averages'!$A$3:$A$23,'League Averages'!$F$3:$F$23) -> 0.14181495
A8: Moneyball Era | B8: 2009 | C8: bayja01 | D8: AL | E8: BOS | F8: =_xlfn.XLOOKUP(Cleaned_MLB_Stats_Dataset__1[[#This Row],[Position'#]],$B$373:$B$382,$A$373:$A$382) -> LF | G8: 7 | H8: 531 | I8: 142 | J8: 29 | K8: 3 | L8: 36 | M8: 103 | N8: 119 | O8: 162 | P8: 94 | Q8: 4 | R8: 9 | S8: 4 | T8: 0 | U8: =Cleaned_MLB_Stats_Dataset__1[[#This Row],[Hits]]/Cleaned_MLB_Stats_Dataset__1[[#This Row],[At Bats]] -> 0.26741996 | V8: =Cleaned_MLB_Stats_Dataset__1[[#This Row],[Strikeouts]]/(Cleaned_MLB_Stats_Dataset__1[[#This Row],[At Bats]]+Cleaned_MLB_Stats_Dataset__1[[#This Row],[Walks]]) -> 0.2592 | W8: =(Cleaned_MLB_Stats_Dataset__1[[#This Row],[Walks]]+Cleaned_MLB_Stats_Dataset__1[[#This Row],[Hit By Pitch]])/(Cleaned_MLB_Stats_Dataset__1[[#This Row],[At Bats]]+Cleaned_MLB_Stats_Dataset__1[[#This Row],[Walks]]+Cleaned_MLB_Stats_Dataset__1[[#This Row],[Hit By Pitch]]) -> 0.16246057 | X8: =(Cleaned_MLB_Stats_Dataset__1[[#This Row],[Hits]]+Cleaned_MLB_Stats_Dataset__1[[#This Row],[Walks]]+Cleaned_MLB_Stats_Dataset__1[[#This Row],[Hit By Pitch]])/(Cleaned_MLB_Stats_Dataset__1[[#This Row],[At Bats]]+Cleaned_MLB_Stats_Dataset__1[[#This Row],[Walks]]+Cleaned_MLB_Stats_Dataset__1[[#This Row],[Hit By Pitch]]+Cleaned_MLB_Stats_Dataset__1[[#This Row],[Sac Fly]]) -> 0.38401254 | Y8: =((Cleaned_MLB_Stats_Dataset__1[[#This Row],[Hits]]-(Cleaned_MLB_Stats_Dataset__1[[#This Row],[2B]]+Cleaned_MLB_Stats_Dataset__1[[#This Row],[3B]]+Cleaned_MLB_Stats_Dataset__1[[#This Row],[HR]]))+(Cleaned_MLB_Stats_Dataset__1[[#This Row],[2B]]*2)+(Cleaned_MLB_Stats_Dataset__1[[#This Row],[3B]]*3)+(Cleaned_MLB_Stats_Dataset__1[[#This Row],[HR]]*4))/Cleaned_MLB_Stats_Dataset__1[[#This Row],[At Bats]] -> 0.53672316 | Z8: =Cleaned_MLB_Stats_Dataset__1[[#This Row],[On Base Percentage]]+Cleaned_MLB_Stats_Dataset__1[[#This Row],[Slugging %]] -> 0.9207357 | AA8: =Cleaned_MLB_Stats_Dataset__1[[#This Row],[Slugging %]]-Cleaned_MLB_Stats_Dataset__1[[#This Row],[Batting Average]] -> 0.2693032 | AB8: =Cleaned_MLB_Stats_Dataset__1[[#This Row],[Batting Average]]-_xlfn.XLOOKUP(Cleaned_MLB_Stats_Dataset__1[[#This Row],[Year]],'League Averages'!$A$3:$A$23,'League Averages'!$B$3:$B$23) -> 0.0054199623 | AC8: =Cleaned_MLB_Stats_Dataset__1[[#This Row],[On Base Percentage]]-_xlfn.XLOOKUP(Cleaned_MLB_Stats_Dataset__1[[#This Row],[Year]],'League Averages'!$A$3:$A$23,'League Averages'!$C$3:$C$23) -> 0.051012539 | AD8: =Cleaned_MLB_Stats_Dataset__1[[#This Row],[Slugging %]]-_xlfn.XLOOKUP(Cleaned_MLB_Stats_Dataset__1[[#This Row],[Year]],'League Averages'!$A$3:$A$23,'League Averages'!$D$3:$D$23) -> 0.11872316 | AE8: =Cleaned_MLB_Stats_Dataset__1[[#This Row],[OPS (On Base + Slugging)]]-_xlfn.XLOOKUP(Cleaned_MLB_Stats_Dataset__1[[#This Row],[Year]],'League Averages'!$A$3:$A$23,'League Averages'!$E$3:$E$23) -> 0.1697357 | AF8: =Cleaned_MLB_Stats_Dataset__1[[#This Row],[ISO (Isolated Power]]-_xlfn.XLOOKUP(Cleaned_MLB_Stats_Dataset__1[[#This Row],[Year]],'League Averages'!$A$3:$A$23,'League Averages'!$F$3:$F$23) -> 0.1133032
A9: Moneyball Era | B9: 2010 | C9: howarry01 | D9: NL | E9: PHI | F9: =_xlfn.XLOOKUP(Cleaned_MLB_Stats_Dataset__1[[#This Row],[Position'#]],$B$373:$B$382,$A$373:$A$382) -> DH | G9: 10 | H9: 550 | I9: 152 | J9: 23 | K9: 5 | L9: 31 | M9: 87 | N9: 108 | O9: 157 | P9: 59 | Q9: 11 | R9: 8 | S9: 3 | T9: 0 | U9: =Cleaned_MLB_Stats_Dataset__1[[#This Row],[Hits]]/Cleaned_MLB_Stats_Dataset__1[[#This Row],[At Bats]] -> 0.27636364 | V9: =Cleaned_MLB_Stats_Dataset__1[[#This Row],[Strikeouts]]/(Cleaned_MLB_Stats_Dataset__1[[#This Row],[At Bats]]+Cleaned_MLB_Stats_Dataset__1[[#This Row],[Walks]]) -> 0.25779967 | W9: =(Cleaned_MLB_Stats_Dataset__1[[#This Row],[Walks]]+Cleaned_MLB_Stats_Dataset__1[[#This Row],[Hit By Pitch]])/(Cleaned_MLB_Stats_Dataset__1[[#This Row],[At Bats]]+Cleaned_MLB_Stats_Dataset__1[[#This Row],[Walks]]+Cleaned_MLB_Stats_Dataset__1[[#This Row],[Hit By Pitch]]) -> 0.10858995 | X9: =(Cleaned_MLB_Stats_Dataset__1[[#This Row],[Hits]]+Cleaned_MLB_Stats_Dataset__1[[#This Row],[Walks]]+Cleaned_MLB_Stats_Dataset__1[[#This Row],[Hit By Pitch]])/(Cleaned_MLB_Stats_Dataset__1[[#This Row],[At Bats]]+Cleaned_MLB_Stats_Dataset__1[[#This Row],[Walks]]+Cleaned_MLB_Stats_Dataset__1[[#This Row],[Hit By Pitch]]+Cleaned_MLB_Stats_Dataset__1[[#This Row],[Sac Fly]]) -> 0.35322581 | Y9: =((Cleaned_MLB_Stats_Dataset__1[[#This Row],[Hits]]-(Cleaned_MLB_Stats_Dataset__1[[#This Row],[2B]]+Cleaned_MLB_Stats_Dataset__1[[#This Row],[3B]]+Cleaned_MLB_Stats_Dataset__1[[#This Row],[HR]]))+(Cleaned_MLB_Stats_Dataset__1[[#This Row],[2B]]*2)+(Cleaned_MLB_Stats_Dataset__1[[#This Row],[3B]]*3)+(Cleaned_MLB_Stats_Dataset__1[[#This Row],[HR]]*4))/Cleaned_MLB_Stats_Dataset__1[[#This Row],[At Bats]] -> 0.50545455 | Z9: =Cleaned_MLB_Stats_Dataset__1[[#This Row],[On Base Percentage]]+Cleaned_MLB_Stats_Dataset__1[[#This Row],[Slugging %]] -> 0.85868035 | AA9: =Cleaned_MLB_Stats_Dataset__1[[#This Row],[Slugging %]]-Cleaned_MLB_Stats_Dataset__1[[#This Row],[Batting Average]] -> 0.22909091 | AB9: =Cleaned_MLB_Stats_Dataset__1[[#This Row],[Batting Average]]-_xlfn.XLOOKUP(Cleaned_MLB_Stats_Dataset__1[[#This Row],[Year]],'League Averages'!$A$3:$A$23,'League Averages'!$B$3:$B$23) -> 0.019363636 | AC9: =Cleaned_MLB_Stats_Dataset__1[[#This Row],[On Base Percentage]]-_xlfn.XLOOKUP(Cleaned_MLB_Stats_Dataset__1[[#This Row],[Year]],'League Averages'!$A$3:$A$23,'League Averages'!$C$3:$C$23) -> 0.028225806 | AD9: =Cleaned_MLB_Stats_Dataset__1[[#This Row],[Slugging %]]-_xlfn.XLOOKUP(Cleaned_MLB_Stats_Dataset__1[[#This Row],[Year]],'League Averages'!$A$3:$A$23,'League Averages'!$D$3:$D$23) -> 0.10245455 | AE9: =Cleaned_MLB_Stats_Dataset__1[[#This Row],[OPS (On Base + Slugging)]]-_xlfn.XLOOKUP(Cleaned_MLB_Stats_Dataset__1[[#This Row],[Year]],'League Averages'!$A$3:$A$23,'League Averages'!$E$3:$E$23) -> 0.13068035 | AF9: =Cleaned_MLB_Stats_Dataset__1[[#This Row],[ISO (Isolated Power]]-_xlfn.XLOOKUP(Cleaned_MLB_Stats_Dataset__1[[#This Row],[Year]],'League Averages'!$A$3:$A$23,'League Averages'!$F$3:$F$23) -> 0.083090909
A10: Moneyball Era | B10: 2011 | C10: grandcu01 | D10: AL | E10: NYA | F10: =_xlfn.XLOOKUP(Cleaned_MLB_Stats_Dataset__1[[#This Row],[Position'#]],$B$373:$B$382,$A$373:$A$382) -> CF | G10: 8 | H10: 583 | I10: 153 | J10: 26 | K10: 10 | L10: 41 | M10: 136 | N10: 119 | O10: 169 | P10: 85 | Q10: 0 | R10: 12 | S10: 7 | T10: 4 | U10: =Cleaned_MLB_Stats_Dataset__1[[#This Row],[Hits]]/Cleaned_MLB_Stats_Dataset__1[[#This Row],[At Bats]] -> 0.26243568 | V10: =Cleaned_MLB_Stats_Dataset__1[[#This Row],[Strikeouts]]/(Cleaned_MLB_Stats_Dataset__1[[#This Row],[At Bats]]+Cleaned_MLB_Stats_Dataset__1[[#This Row],[Walks]]) -> 0.25299401 | W10: =(Cleaned_MLB_Stats_Dataset__1[[#This Row],[Walks]]+Cleaned_MLB_Stats_Dataset__1[[#This Row],[Hit By Pitch]])/(Cleaned_MLB_Stats_Dataset__1[[#This Row],[At Bats]]+Cleaned_MLB_Stats_Dataset__1[[#This Row],[Walks]]+Cleaned_MLB_Stats_Dataset__1[[#This Row],[Hit By Pitch]]) -> 0.14264706 | X10: =(Cleaned_MLB_Stats_Dataset__1[[#This Row],[Hits]]+Cleaned_MLB_Stats_Dataset__1[[#This Row],[Walks]]+Cleaned_MLB_Stats_Dataset__1[[#This Row],[Hit By Pitch]])/(Cleaned_MLB_Stats_Dataset__1[[#This Row],[At Bats]]+Cleaned_MLB_Stats_Dataset__1[[#This Row],[Walks]]+Cleaned_MLB_Stats_Dataset__1[[#This Row],[Hit By Pitch]]+Cleaned_MLB_Stats_Dataset__1[[#This Row],[Sac Fly]]) -> 0.36390102 | Y10: =((Cleaned_MLB_Stats_Dataset__1[[#This Row],[Hits]]-(Cleaned_MLB_Stats_Dataset__1[[#This Row],[2B]]+Cleaned_MLB_Stats_Dataset__1[[#This Row],[3B]]+Cleaned_MLB_Stats_Dataset__1[[#This Row],[HR]]))+(Cleaned_MLB_Stats_Dataset__1[[#This Row],[2B]]*2)+(Cleaned_MLB_Stats_Dataset__1[[#This Row],[3B]]*3)+(Cleaned_MLB_Stats_Dataset__1[[#This Row],[HR]]*4))/Cleaned_MLB_Stats_Dataset__1[[#This Row],[At Bats]] -> 0.55231561 | Z10: =Cleaned_MLB_Stats_Dataset__1[[#This Row],[On Base Percentage]]+Cleaned_MLB_Stats_Dataset__1[[#This Row],[Slugging %]] -> 0.91621663 | AA10: =Cleaned_MLB_Stats_Dataset__1[[#This Row],[Slugging %]]-Cleaned_MLB_Stats_Dataset__1[[#This Row],[Batting Average]] -> 0.28987993 | AB10: =Cleaned_MLB_Stats_Dataset__1[[#This Row],[Batting Average]]-_xlfn.XLOOKUP(Cleaned_MLB_Stats_Dataset__1[[#This Row],[Year]],'League Averages'!$A$3:$A$23,'League Averages'!$B$3:$B$23) -> 0.0074356775 | AC10: =Cleaned_MLB_Stats_Dataset__1[[#This Row],[On Base Percentage]]-_xlfn.XLOOKUP(Cleaned_MLB_Stats_Dataset__1[[#This Row],[Year]],'League Averages'!$A$3:$A$23,'League Averages'!$C$3:$C$23) -> 0.042901019 | AD10: =Cleaned_MLB_Stats_Dataset__1[[#This Row],[Slugging %]]-_xlfn.XLOOKUP(Cleaned_MLB_Stats_Dataset__1[[#This Row],[Year]],'League Averages'!$A$3:$A$23,'League Averages'!$D$3:$D$23) -> 0.15331561 | AE10: =Cleaned_MLB_Stats_Dataset__1[[#This Row],[OPS (On Base + Slugging)]]-_xlfn.XLOOKUP(Cleaned_MLB_Stats_Dataset__1[[#This Row],[Year]],'League Averages'!$A$3:$A$23,'League Averages'!$E$3:$E$23) -> 0.19621663 | AF10: =Cleaned_MLB_Stats_Dataset__1[[#This Row],[ISO (Isolated Power]]-_xlfn.XLOOKUP(Cleaned_MLB_Stats_Dataset__1[[#This Row],[Year]],'League Averages'!$A$3:$A$23,'League Averages'!$F$3:$F$23) -> 0.14587993
A11: Moneyball Era | B11: 2005 | C11: edmonji01 | D11: NL | E11: SLN | F11: =_xlfn.XLOOKUP(Cleaned_MLB_Stats_Dataset__1[[#This Row],[Position'#]],$B$373:$B$382,$A$373:$A$382) -> CF | G11: 8 | H11: 467 | I11: 123 | J11: 37 | K11: 1 | L11: 29 | M11: 88 | N11: 89 | O11: 139 | P11: 91 | Q11: 10 | R11: 4 | S11: 4 | T11: 1 | U11: =Cleaned_MLB_Stats_Dataset__1[[#This Row],[Hits]]/Cleaned_MLB_Stats_Dataset__1[[#This Row],[At Bats]] -> 0.2633833 | V11: =Cleaned_MLB_Stats_Dataset__1[[#This Row],[Strikeouts]]/(Cleaned_MLB_Stats_Dataset__1[[#This Row],[At Bats]]+Cleaned_MLB_Stats_Dataset__1[[#This Row],[Walks]]) -> 0.24910394 | W11: =(Cleaned_MLB_Stats_Dataset__1[[#This Row],[Walks]]+Cleaned_MLB_Stats_Dataset__1[[#This Row],[Hit By Pitch]])/(Cleaned_MLB_Stats_Dataset__1[[#This Row],[At Bats]]+Cleaned_MLB_Stats_Dataset__1[[#This Row],[Walks]]+Cleaned_MLB_Stats_Dataset__1[[#This Row],[Hit By Pitch]]) -> 0.16903915 | X11: =(Cleaned_MLB_Stats_Dataset__1[[#This Row],[Hits]]+Cleaned_MLB_Stats_Dataset__1[[#This Row],[Walks]]+Cleaned_MLB_Stats_Dataset__1[[#This Row],[Hit By Pitch]])/(Cleaned_MLB_Stats_Dataset__1[[#This Row],[At Bats]]+Cleaned_MLB_Stats_Dataset__1[[#This Row],[Walks]]+Cleaned_MLB_Stats_Dataset__1[[#This Row],[Hit By Pitch]]+Cleaned_MLB_Stats_Dataset__1[[#This Row],[Sac Fly]]) -> 0.38515901 | Y11: =((Cleaned_MLB_Stats_Dataset__1[[#This Row],[Hits]]-(Cleaned_MLB_Stats_Dataset__1[[#This Row],[2B]]+Cleaned_MLB_Stats_Dataset__1[[#This Row],[3B]]+Cleaned_MLB_Stats_Dataset__1[[#This Row],[HR]]))+(Cleaned_MLB_Stats_Dataset__1[[#This Row],[2B]]*2)+(Cleaned_MLB_Stats_Dataset__1[[#This Row],[3B]]*3)+(Cleaned_MLB_Stats_Dataset__1[[#This Row],[HR]]*4))/Cleaned_MLB_Stats_Dataset__1[[#This Row],[At Bats]] -> 0.53319058 | Z11: =Cleaned_MLB_Stats_Dataset__1[[#This Row],[On Base Percentage]]+Cleaned_MLB_Stats_Dataset__1[[#This Row],[Slugging %]] -> 0.91834959 | AA11: =Cleaned_MLB_Stats_Dataset__1[[#This Row],[Slugging %]]-Cleaned_MLB_Stats_Dataset__1[[#This Row],[Batting Average]] -> 0.26980728 | AB11: =Cleaned_MLB_Stats_Dataset__1[[#This Row],[Batting Average]]-_xlfn.XLOOKUP(Cleaned_MLB_Stats_Dataset__1[[#This Row],[Year]],'League Averages'!$A$3:$A$23,'League Averages'!$B$3:$B$23) -> -0.00061670236 | AC11: =Cleaned_MLB_Stats_Dataset__1[[#This Row],[On Base Percentage]]-_xlfn.XLOOKUP(Cleaned_MLB_Stats_Dataset__1[[#This Row],[Year]],'League Averages'!$A$3:$A$23,'League Averages'!$C$3:$C$23) -> 0.055159011 | AD11: =Cleaned_MLB_Stats_Dataset__1[[#This Row],[Slugging %]]-_xlfn.XLOOKUP(Cleaned_MLB_Stats_Dataset__1[[#This Row],[Year]],'League Averages'!$A$3:$A$23,'League Averages'!$D$3:$D$23) -> 0.11419058 | AE11: =Cleaned_MLB_Stats_Dataset__1[[#This Row],[OPS (On Base + Slugging)]]-_xlfn.XLOOKUP(Cleaned_MLB_Stats_Dataset__1[[#This Row],[Year]],'League Averages'!$A$3:$A$23,'League Averages'!$E$3:$E$23) -> 0.16934959 | AF11: =Cleaned_MLB_Stats_Dataset__1[[#This Row],[ISO (Isolated Power]]-_xlfn.XLOOKUP(Cleaned_MLB_Stats_Dataset__1[[#This Row],[Year]],'League Averages'!$A$3:$A$23,'League Averages'!$F$3:$F$23) -> 0.11480728
A12: Moneyball Era | B12: 2004 | C12: sosasa01 | D12: NL | E12: CHN | F12: =_xlfn.XLOOKUP(Cleaned_MLB_Stats_Dataset__1[[#This Row],[Position'#]],$B$373:$B$382,$A$373:$A$382) -> RF | G12: 9 | H12: 478 | I12: 121 | J12: 21 | K12: 0 | L12: 35 | M12: 69 | N12: 80 | O12: 133 | P12: 56 | Q12: 4 | R12: 2 | S12: 3 | T12: 0 | U12: =Cleaned_MLB_Stats_Dataset__1[[#This Row],[Hits]]/Cleaned_MLB_Stats_Dataset__1[[#This Row],[At Bats]] -> 0.25313808 | V12: =Cleaned_MLB_Stats_Dataset__1[[#This Row],[Strikeouts]]/(Cleaned_MLB_Stats_Dataset__1[[#This Row],[At Bats]]+Cleaned_MLB_Stats_Dataset__1[[#This Row],[Walks]]) -> 0.24906367 | W12: =(Cleaned_MLB_Stats_Dataset__1[[#This Row],[Walks]]+Cleaned_MLB_Stats_Dataset__1[[#This Row],[Hit By Pitch]])/(Cleaned_MLB_Stats_Dataset__1[[#This Row],[At Bats]]+Cleaned_MLB_Stats_Dataset__1[[#This Row],[Walks]]+Cleaned_MLB_Stats_Dataset__1[[#This Row],[Hit By Pitch]]) -> 0.10820896 | X12: =(Cleaned_MLB_Stats_Dataset__1[[#This Row],[Hits]]+Cleaned_MLB_Stats_Dataset__1[[#This Row],[Walks]]+Cleaned_MLB_Stats_Dataset__1[[#This Row],[Hit By Pitch]])/(Cleaned_MLB_Stats_Dataset__1[[#This Row],[At Bats]]+Cleaned_MLB_Stats_Dataset__1[[#This Row],[Walks]]+Cleaned_MLB_Stats_Dataset__1[[#This Row],[Hit By Pitch]]+Cleaned_MLB_Stats_Dataset__1[[#This Row],[Sac Fly]]) -> 0.33209647 | Y12: =((Cleaned_MLB_Stats_Dataset__1[[#This Row],[Hits]]-(Cleaned_MLB_Stats_Dataset__1[[#This Row],[2B]]+Cleaned_MLB_Stats_Dataset__1[[#This Row],[3B]]+Cleaned_MLB_Stats_Dataset__1[[#This Row],[HR]]))+(Cleaned_MLB_Stats_Dataset__1[[#This Row],[2B]]*2)+(Cleaned_MLB_Stats_Dataset__1[[#This Row],[3B]]*3)+(Cleaned_MLB_Stats_Dataset__1[[#This Row],[HR]]*4))/Cleaned_MLB_Stats_Dataset__1[[#This Row],[At Bats]] -> 0.5167364 | Z12: =Cleaned_MLB_Stats_Dataset__1[[#This Row],[On Base Percentage]]+Cleaned_MLB_Stats_Dataset__1[[#This Row],[Slugging %]] -> 0.84883288 | AA12: =Cleaned_MLB_Stats_Dataset__1[[#This Row],[Slugging %]]-Cleaned_MLB_Stats_Dataset__1[[#This Row],[Batting Average]] -> 0.26359833 | AB12: =Cleaned_MLB_Stats_Dataset__1[[#This Row],[Batting Average]]-_xlfn.XLOOKUP(Cleaned_MLB_Stats_Dataset__1[[#This Row],[Year]],'League Averages'!$A$3:$A$23,'League Averages'!$B$3:$B$23) -> -0.012861925 | AC12: =Cleaned_MLB_Stats_Dataset__1[[#This Row],[On Base Percentage]]-_xlfn.XLOOKUP(Cleaned_MLB_Stats_Dataset__1[[#This Row],[Year]],'League Averages'!$A$3:$A$23,'League Averages'!$C$3:$C$23) -> -0.002903525 | AD12: =Cleaned_MLB_Stats_Dataset__1[[#This Row],[Slugging %]]-_xlfn.XLOOKUP(Cleaned_MLB_Stats_Dataset__1[[#This Row],[Year]],'League Averages'!$A$3:$A$23,'League Averages'!$D$3:$D$23) -> 0.088736402 | AE12: =Cleaned_MLB_Stats_Dataset__1[[#This Row],[OPS (On Base + Slugging)]]-_xlfn.XLOOKUP(Cleaned_MLB_Stats_Dataset__1[[#This Row],[Year]],'League Averages'!$A$3:$A$23,'League Averages'!$E$3:$E$23) -> 0.085832877 | AF12: =Cleaned_MLB_Stats_Dataset__1[[#This Row],[ISO (Isolated Power]]-_xlfn.XLOOKUP(Cleaned_MLB_Stats_Dataset__1[[#This Row],[Year]],'League Averages'!$A$3:$A$23,'League Averages'!$F$3:$F$23) -> 0.10159833
A13: Moneyball Era | B13: 2010 | C13: wrighda03 | D13: NL | E13: NYN | F13: =_xlfn.XLOOKUP(Cleaned_MLB_Stats_Dataset__1[[#This Row],[Position'#]],$B$373:$B$382,$A$373:$A$382) -> 3B | G13: 5 | H13: 587 | I13: 166 | J13: 36 | K13: 3 | L13: 29 | M13: 87 | N13: 103 | O13: 161 | P13: 69 | Q13: 9 | R13: 2 | S13: 12 | T13: 0 | U13: =Cleaned_MLB_Stats_Dataset__1[[#This Row],[Hits]]/Cleaned_MLB_Stats_Dataset__1[[#This Row],[At Bats]] -> 0.28279387 | V13: =Cleaned_MLB_Stats_Dataset__1[[#This Row],[Strikeouts]]/(Cleaned_MLB_Stats_Dataset__1[[#This Row],[At Bats]]+Cleaned_MLB_Stats_Dataset__1[[#This Row],[Walks]]) -> 0.24542683 | W13: =(Cleaned_MLB_Stats_Dataset__1[[#This Row],[Walks]]+Cleaned_MLB_Stats_Dataset__1[[#This Row],[Hit By Pitch]])/(Cleaned_MLB_Stats_Dataset__1[[#This Row],[At Bats]]+Cleaned_MLB_Stats_Dataset__1[[#This Row],[Walks]]+Cleaned_MLB_Stats_Dataset__1[[#This Row],[Hit By Pitch]]) -> 0.10790274 | X13: =(Cleaned_MLB_Stats_Dataset__1[[#This Row],[Hits]]+Cleaned_MLB_Stats_Dataset__1[[#This Row],[Walks]]+Cleaned_MLB_Stats_Dataset__1[[#This Row],[Hit By Pitch]])/(Cleaned_MLB_Stats_Dataset__1[[#This Row],[At Bats]]+Cleaned_MLB_Stats_Dataset__1[[#This Row],[Walks]]+Cleaned_MLB_Stats_Dataset__1[[#This Row],[Hit By Pitch]]+Cleaned_MLB_Stats_Dataset__1[[#This Row],[Sac Fly]]) -> 0.35373134 | Y13: =((Cleaned_MLB_Stats_Dataset__1[[#This Row],[Hits]]-(Cleaned_MLB_Stats_Dataset__1[[#This Row],[2B]]+Cleaned_MLB_Stats_Dataset__1[[#This Row],[3B]]+Cleaned_MLB_Stats_Dataset__1[[#This Row],[HR]]))+(Cleaned_MLB_Stats_Dataset__1[[#This Row],[2B]]*2)+(Cleaned_MLB_Stats_Dataset__1[[#This Row],[3B]]*3)+(Cleaned_MLB_Stats_Dataset__1[[#This Row],[HR]]*4))/Cleaned_MLB_Stats_Dataset__1[[#This Row],[At Bats]] -> 0.50255537 | Z13: =Cleaned_MLB_Stats_Dataset__1[[#This Row],[On Base Percentage]]+Cleaned_MLB_Stats_Dataset__1[[#This Row],[Slugging %]] -> 0.85628671 | AA13: =Cleaned_MLB_Stats_Dataset__1[[#This Row],[Slugging %]]-Cleaned_MLB_Stats_Dataset__1[[#This Row],[Batting Average]] -> 0.2197615 | AB13: =Cleaned_MLB_Stats_Dataset__1[[#This Row],[Batting Average]]-_xlfn.XLOOKUP(Cleaned_MLB_Stats_Dataset__1[[#This Row],[Year]],'League Averages'!$A$3:$A$23,'League Averages'!$B$3:$B$23) -> 0.025793867 | AC13: =Cleaned_MLB_Stats_Dataset__1[[#This Row],[On Base Percentage]]-_xlfn.XLOOKUP(Cleaned_MLB_Stats_Dataset__1[[#This Row],[Year]],'League Averages'!$A$3:$A$23,'League Averages'!$C$3:$C$23) -> 0.028731343 | AD13: =Cleaned_MLB_Stats_Dataset__1[[#This Row],[Slugging %]]-_xlfn.XLOOKUP(Cleaned_MLB_Stats_Dataset__1[[#This Row],[Year]],'League Averages'!$A$3:$A$23,'League Averages'!$D$3:$D$23) -> 0.099555366 | AE13: =Cleaned_MLB_Stats_Dataset__1[[#This Row],[OPS (On Base + Slugging)]]-_xlfn.XLOOKUP(Cleaned_MLB_Stats_Dataset__1[[#This Row],[Year]],'League Averages'!$A$3:$A$23,'League Averages'!$E$3:$E$23) -> 0.12828671 | AF13: =Cleaned_MLB_Stats_Dataset__1[[#This Row],[ISO (Isolated Power]]-_xlfn.XLOOKUP(Cleaned_MLB_Stats_Dataset__1[[#This Row],[Year]],'League Averages'!$A$3:$A$23,'League Averages'!$F$3:$F$23) -> 0.073761499
... A367: Pre-Moneyball | B367: 1998 | C367: piazzmi01 | D367: NL | E367: FLO | F367: =_xlfn.XLOOKUP(Cleaned_MLB_Stats_Dataset__1[[#This Row],[Position'#]],$B$373:$B$382,$A$373:$A$382) -> C | G367: 2 | H367: 18 | I367: 5 | J367: 0 | K367: 1 | L367: 0 | M367: 1 | N367: 5 | O367: 0 | P367: 0 | Q367: 0 | R367: 0 | S367: 1 | T367: 0 | U367: =Cleaned_MLB_Stats_Dataset__1[[#This Row],[Hits]]/Cleaned_MLB_Stats_Dataset__1[[#This Row],[At Bats]] -> 0.27777778 | V367: =Cleaned_MLB_Stats_Dataset__1[[#This Row],[Strikeouts]]/(Cleaned_MLB_Stats_Dataset__1[[#This Row],[At Bats]]+Cleaned_MLB_Stats_Dataset__1[[#This Row],[Walks]]) -> 0 | W367: =(Cleaned_MLB_Stats_Dataset__1[[#This Row],[Walks]]+Cleaned_MLB_Stats_Dataset__1[[#This Row],[Hit By Pitch]])/(Cleaned_MLB_Stats_Dataset__1[[#This Row],[At Bats]]+Cleaned_MLB_Stats_Dataset__1[[#This Row],[Walks]]+Cleaned_MLB_Stats_Dataset__1[[#This Row],[Hit By Pitch]]) -> 0 | X367: =(Cleaned_MLB_Stats_Dataset__1[[#This Row],[Hits]]+Cleaned_MLB_Stats_Dataset__1[[#This Row],[Walks]]+Cleaned_MLB_Stats_Dataset__1[[#This Row],[Hit By Pitch]])/(Cleaned_MLB_Stats_Dataset__1[[#This Row],[At Bats]]+Cleaned_MLB_Stats_Dataset__1[[#This Row],[Walks]]+Cleaned_MLB_Stats_Dataset__1[[#This Row],[Hit By Pitch]]+Cleaned_MLB_Stats_Dataset__1[[#This Row],[Sac Fly]]) -> 0.26315789 | Y367: =((Cleaned_MLB_Stats_Dataset__1[[#This Row],[Hits]]-(Cleaned_MLB_Stats_Dataset__1[[#This Row],[2B]]+Cleaned_MLB_Stats_Dataset__1[[#This Row],[3B]]+Cleaned_MLB_Stats_Dataset__1[[#This Row],[HR]]))+(Cleaned_MLB_Stats_Dataset__1[[#This Row],[2B]]*2)+(Cleaned_MLB_Stats_Dataset__1[[#This Row],[3B]]*3)+(Cleaned_MLB_Stats_Dataset__1[[#This Row],[HR]]*4))/Cleaned_MLB_Stats_Dataset__1[[#This Row],[At Bats]] -> 0.38888889 | Z367: =Cleaned_MLB_Stats_Dataset__1[[#This Row],[On Base Percentage]]+Cleaned_MLB_Stats_Dataset__1[[#This Row],[Slugging %]] -> 0.65204678 | AA367: =Cleaned_MLB_Stats_Dataset__1[[#This Row],[Slugging %]]-Cleaned_MLB_Stats_Dataset__1[[#This Row],[Batting Average]] -> 0.11111111 | AB367: =Cleaned_MLB_Stats_Dataset__1[[#This Row],[Batting Average]]-_xlfn.XLOOKUP(Cleaned_MLB_Stats_Dataset__1[[#This Row],[Year]],'League Averages'!$A$3:$A$23,'League Averages'!$B$3:$B$23) -> 0.011777778 | AC367: =Cleaned_MLB_Stats_Dataset__1[[#This Row],[On Base Percentage]]-_xlfn.XLOOKUP(Cleaned_MLB_Stats_Dataset__1[[#This Row],[Year]],'League Averages'!$A$3:$A$23,'League Averages'!$C$3:$C$23) -> -0.071842105 | AD367: =Cleaned_MLB_Stats_Dataset__1[[#This Row],[Slugging %]]-_xlfn.XLOOKUP(Cleaned_MLB_Stats_Dataset__1[[#This Row],[Year]],'League Averages'!$A$3:$A$23,'League Averages'!$D$3:$D$23) -> -0.031111111 | AE367: =Cleaned_MLB_Stats_Dataset__1[[#This Row],[OPS (On Base + Slugging)]]-_xlfn.XLOOKUP(Cleaned_MLB_Stats_Dataset__1[[#This Row],[Year]],'League Averages'!$A$3:$A$23,'League Averages'!$E$3:$E$23) -> -0.10295322 | AF367: =Cleaned_MLB_Stats_Dataset__1[[#This Row],[ISO (Isolated Power]]-_xlfn.XLOOKUP(Cleaned_MLB_Stats_Dataset__1[[#This Row],[Year]],'League Averages'!$A$3:$A$23,'League Averages'!$F$3:$F$23) -> -0.042888889
A372: Position Ref Chart
A373: P | B373: 1
A374: C | B374: 2
A375: 1B | B375: 3
A376: 2B | B376: 4
A377: 3B | B377: 5
A378: SS | B378: 6
A379: LF | B379: 7
A380: CF | B380: 8
A381: RF | B381: 9
A382: DH | B382: 10

Sheet League Averages
A1: League Averages (for era-adjusted stats)
A2: Year | B2: BA | C2: OBP | D2: SLG | E2: OPS | F2: ISO
A3: 2013 | B3: 0.253 | C3: 0.318 | D3: 0.396 | E3: 0.714 | F3: 0.143
A4: 2012 | B4: 0.255 | C4: 0.319 | D4: 0.405 | E4: 0.724 | F4: 0.15
A5: 2011 | B5: 0.255 | C5: 0.321 | D5: 0.399 | E5: 0.72 | F5: 0.144
A6: 2010 | B6: 0.257 | C6: 0.325 | D6: 0.403 | E6: 0.728 | F6: 0.146
A7: 2009 | B7: 0.262 | C7: 0.333 | D7: 0.418 | E7: 0.751 | F7: 0.156
A8: 2008 | B8: 0.264 | C8: 0.333 | D8: 0.416 | E8: 0.749 | F8: 0.152
A9: 2007 | B9: 0.268 | C9: 0.336 | D9: 0.423 | E9: 0.758 | F9: 0.155
A10: 2006 | B10: 0.269 | C10: 0.336 | D10: 0.432 | E10: 0.768 | F10: 0.163
A11: 2005 | B11: 0.264 | C11: 0.33 | D11: 0.419 | E11: 0.749 | F11: 0.155
A12: 2004 | B12: 0.266 | C12: 0.335 | D12: 0.428 | E12: 0.763 | F12: 0.162
A13: 2003 | B13: 0.264 | C13: 0.333 | D13: 0.422 | E13: 0.755 | F13: 0.158
A14: 2002 | B14: 0.261 | C14: 0.331 | D14: 0.417 | E14: 0.748 | F14: 0.156
... A23: 1993 | B23: 0.265 | C23: 0.332 | D23: 0.403 | E23: 0.736 | F23: 0.138

Sheet Chart1
A3: Row Labels | B3: Average of EA ISO | C3: Average of EA On Base + Slugging | D3: Average of EA Slugging % | E3: Average of EA On Base % | F3: Average of EA Batting Avg.
A4: Pre-Moneyball | B4: 0.075511989 | C4: 0.17189062 | D4: 0.11808624 | E4: 0.05381012 | F4: 0.042574256
A5: 1993 | B5: 0.047352997 | C5: 0.13122766 | D5: 0.083652966 | E5: 0.048574697 | F5: 0.036299969
A6: 1994 | B6: 0.065280917 | C6: 0.15095368 | D6: 0.10682816 | E6: 0.044125522 | F6: 0.041547241
A7: 1995 | B7: 0.05415034 | C7: 0.14584806 | D7: 0.096363051 | E7: 0.049485005 | F7: 0.042212711
A8: 1996 | B8: 0.054824023 | C8: 0.14395532 | D8: 0.094104235 | E8: 0.049851089 | F8: 0.039280212
A9: 1997 | B9: 0.079287501 | C9: 0.18926894 | D9: 0.12543514 | E9: 0.063833805 | F9: 0.046147636
A10: 1998 | B10: 0.069554682 | C10: 0.15216307 | D10: 0.10763227 | E10: 0.0445308 | F10: 0.038077587
A11: 1999 | B11: 0.10482701 | C11: 0.20068186 | D11: 0.14389748 | E11: 0.055784382 | F11: 0.039070474
A12: 2000 | B12: 0.077278689 | C12: 0.18308868 | D12: 0.12711735 | E12: 0.055971338 | F12: 0.049838656
A13: 2001 | B13: 0.11250063 | C13: 0.23260589 | D13: 0.16539903 | E13: 0.067206863 | F13: 0.052898404
A14: 2002 | B14: 0.089145779 | C14: 0.18808577 | D14: 0.13010111 | E14: 0.057984657 | F14: 0.040955335
A15: Moneyball Era | B15: 0.067001148 | C15: 0.16260406 | D15: 0.1085896 | E15: 0.053931127 | F15: 0.041588453
A16: 2003 | B16: 0.091196771 | C16: 0.19913502 | D16: 0.13528291 | E16: 0.06385211 | F16: 0.044086143
A17: 2004 | B17: 0.070085995 | C17: 0.1606072 | D17: 0.10628418 | E17: 0.05432302 | F17: 0.03619818
A18: 2005 | B18: 0.07631752 | C18: 0.16021666 | D18: 0.11024498 | E18: 0.049971684 | F18: 0.033927456
A19: 2006 | B19: 0.047589277 | C19: 0.12430984 | D19: 0.08223701 | E19: 0.04207283 | F19: 0.034647734
A20: 2007 | B20: 0.057606435 | C20: 0.16082851 | D20: 0.10049607 | E20: 0.059332441 | F20: 0.042889631
A21: 2008 | B21: 0.06455398 | C21: 0.18121746 | D21: 0.11497875 | E21: 0.066238712 | F21: 0.050424765
A22: 2009 | B22: 0.04563444 | C22: 0.14071741 | D22: 0.091231329 | E22: 0.049486079 | F22: 0.045596889
A23: 2010 | B23: 0.047255235 | C23: 0.13612635 | D23: 0.092478096 | E23: 0.043648256 | F23: 0.045222861
A24: 2011 | B24: 0.089158505 | C24: 0.18067591 | D24: 0.12839582 | E24: 0.052280085 | F24: 0.039237318
A25: 2012 | B25: 0.067272519 | C25: 0.15658848 | D25: 0.10354575 | E25: 0.053042738 | F25: 0.036273227
A26: 2013 | B26: 0.074014885 | C26: 0.17907785 | D26: 0.12184322 | E26: 0.057234622 | F26: 0.047828339
A27: Grand Total | B27: 0.071047285 | C27: 0.16701898 | D27: 0.1131044 | E27: 0.0538736 | F27: 0.042057113

Sheet Chart2
A3: Row Labels | B3: Average of EA On Base + Slugging
A4: 1B | B4: 0.25393782
A5: Pre-Moneyball | B5: 0.24834635
A6: Moneyball Era | B6: 0.25902098
A7: 2B | B7: 0.11339725
A8: Pre-Moneyball | B8: 0.11357993
A9: Moneyball Era | B9: 0.11323117
A10: 3B | B10: 0.14595908
A11: Pre-Moneyball | B11: 0.11925865
A12: Moneyball Era | B12: 0.17265952
A13: C | B13: 0.11814455
A14: Pre-Moneyball | B14: 0.13080219
A15: Moneyball Era | B15: 0.1054869
... A31: Grand Total | B31: 0.16701898
A35: Era | B35: C | C35: 1B | D35: 2B | E35: 3B | F35: SS | G35: LF | H35: RF | I35: CF | J35: DH
A36: Pre-Moneyball | B36: 0.13080219 | C36: 0.24834635 | D36: 0.11357993 | E36: 0.11925865 | F36: 0.07831953 | G36: 0.26560468 | H36: 0.20945944 | I36: 0.18530491 | J36: 0.23953322
A37: Moneyball Era | B37: 0.1054869 | C37: 0.25902098 | D37: 0.11323117 | E37: 0.17265952 | F37: 0.088020973 | G37: 0.22609597 | H37: 0.14502151 | I37: 0.13613504 | J37: 0.23927325

Sheet Chart3
A1: EA BA- Pre | B1: EA OBP - Pre | C1: BA - Moneyball | D1: OBP - Moneyball
A2: =IF('Cleaned MLB Stats Dataset'!A194="Pre-Moneyball",'Cleaned MLB Stats Dataset'!AB194,NA()) -> 0.0063279352 | B2: =IF('Cleaned MLB Stats Dataset'!A194="Pre-Moneyball",'Cleaned MLB Stats Dataset'!AD194,NA()) -> 0.10648583 | C2: =IF('Cleaned MLB Stats Dataset'!A2="Moneyball era", 'Cleaned MLB Stats Dataset'!AB2, NA()) -> -0.027727273 | D2: =IF('Cleaned MLB Stats Dataset'!A2="Moneyball era", 'Cleaned MLB Stats Dataset'!AD2, NA()) -> 0.06375
A3: =IF('Cleaned MLB Stats Dataset'!A195="Pre-Moneyball",'Cleaned MLB Stats Dataset'!AB195,NA()) -> 0.027181818 | B3: =IF('Cleaned MLB Stats Dataset'!A195="Pre-Moneyball",'Cleaned MLB Stats Dataset'!AD195,NA()) -> 0.16409091 | C3: =IF('Cleaned MLB Stats Dataset'!A3="Moneyball era", 'Cleaned MLB Stats Dataset'!AB3, NA()) -> 0.032958904 | D3: =IF('Cleaned MLB Stats Dataset'!A3="Moneyball era", 'Cleaned MLB Stats Dataset'!AD3, NA()) -> 0.23756164
A4: =IF('Cleaned MLB Stats Dataset'!A196="Pre-Moneyball",'Cleaned MLB Stats Dataset'!AB196,NA()) -> 0.025238095 | B4: =IF('Cleaned MLB Stats Dataset'!A196="Pre-Moneyball",'Cleaned MLB Stats Dataset'!AD196,NA()) -> 0.14585714 | C4: =IF('Cleaned MLB Stats Dataset'!A4="Moneyball era", 'Cleaned MLB Stats Dataset'!AB4, NA()) -> -0.023456376 | D4: =IF('Cleaned MLB Stats Dataset'!A4="Moneyball era", 'Cleaned MLB Stats Dataset'!AD4, NA()) -> 0.086610738
A5: =IF('Cleaned MLB Stats Dataset'!A197="Pre-Moneyball",'Cleaned MLB Stats Dataset'!AB197,NA()) -> 0.017 | B5: =IF('Cleaned MLB Stats Dataset'!A197="Pre-Moneyball",'Cleaned MLB Stats Dataset'!AD197,NA()) -> 0.2012 | C5: =IF('Cleaned MLB Stats Dataset'!A5="Moneyball era", 'Cleaned MLB Stats Dataset'!AB5, NA()) -> 0.048790281 | D5: =IF('Cleaned MLB Stats Dataset'!A5="Moneyball era", 'Cleaned MLB Stats Dataset'!AD5, NA()) -> 0.19479284
A6: =IF('Cleaned MLB Stats Dataset'!A198="Pre-Moneyball",'Cleaned MLB Stats Dataset'!AB198,NA()) -> 0.049536424 | B6: =IF('Cleaned MLB Stats Dataset'!A198="Pre-Moneyball",'Cleaned MLB Stats Dataset'!AD198,NA()) -> 0.19710596 | C6: =IF('Cleaned MLB Stats Dataset'!A6="Moneyball era", 'Cleaned MLB Stats Dataset'!AB6, NA()) -> -0.035114723 | D6: =IF('Cleaned MLB Stats Dataset'!A6="Moneyball era", 'Cleaned MLB Stats Dataset'!AD6, NA()) -> -0.020678776
A7: =IF('Cleaned MLB Stats Dataset'!A199="Pre-Moneyball",'Cleaned MLB Stats Dataset'!AB199,NA()) -> 0.0071017613 | B7: =IF('Cleaned MLB Stats Dataset'!A199="Pre-Moneyball",'Cleaned MLB Stats Dataset'!AD199,NA()) -> 0.050710372 | C7: =IF('Cleaned MLB Stats Dataset'!A7="Moneyball era", 'Cleaned MLB Stats Dataset'!AB7, NA()) -> 0.029697509 | D7: =IF('Cleaned MLB Stats Dataset'!A7="Moneyball era", 'Cleaned MLB Stats Dataset'!AD7, NA()) -> 0.17151246
A8: =IF('Cleaned MLB Stats Dataset'!A200="Pre-Moneyball",'Cleaned MLB Stats Dataset'!AB200,NA()) -> 0.042238185 | B8: =IF('Cleaned MLB Stats Dataset'!A200="Pre-Moneyball",'Cleaned MLB Stats Dataset'!AD200,NA()) -> 0.18169565 | C8: =IF('Cleaned MLB Stats Dataset'!A8="Moneyball era", 'Cleaned MLB Stats Dataset'!AB8, NA()) -> 0.0054199623 | D8: =IF('Cleaned MLB Stats Dataset'!A8="Moneyball era", 'Cleaned MLB Stats Dataset'!AD8, NA()) -> 0.11872316
A9: =IF('Cleaned MLB Stats Dataset'!A201="Pre-Moneyball",'Cleaned MLB Stats Dataset'!AB201,NA()) -> 0.031619433 | B9: =IF('Cleaned MLB Stats Dataset'!A201="Pre-Moneyball",'Cleaned MLB Stats Dataset'!AD201,NA()) -> 0.089315789 | C9: =IF('Cleaned MLB Stats Dataset'!A9="Moneyball era", 'Cleaned MLB Stats Dataset'!AB9, NA()) -> 0.019363636 | D9: =IF('Cleaned MLB Stats Dataset'!A9="Moneyball era", 'Cleaned MLB Stats Dataset'!AD9, NA()) -> 0.10245455
A10: =IF('Cleaned MLB Stats Dataset'!A202="Pre-Moneyball",'Cleaned MLB Stats Dataset'!AB202,NA()) -> 0.032624754 | B10: =IF('Cleaned MLB Stats Dataset'!A202="Pre-Moneyball",'Cleaned MLB Stats Dataset'!AD202,NA()) -> 0.3324558 | C10: =IF('Cleaned MLB Stats Dataset'!A10="Moneyball era", 'Cleaned MLB Stats Dataset'!AB10, NA()) -> 0.0074356775 | D10: =IF('Cleaned MLB Stats Dataset'!A10="Moneyball era", 'Cleaned MLB Stats Dataset'!AD10, NA()) -> 0.15331561
A11: =IF('Cleaned MLB Stats Dataset'!A203="Pre-Moneyball",'Cleaned MLB Stats Dataset'!AB203,NA()) -> 0.027623656 | B11: =IF('Cleaned MLB Stats Dataset'!A203="Pre-Moneyball",'Cleaned MLB Stats Dataset'!AD203,NA()) -> 0.16594624 | C11: =IF('Cleaned MLB Stats Dataset'!A11="Moneyball era", 'Cleaned MLB Stats Dataset'!AB11, NA()) -> -0.00061670236 | D11: =IF('Cleaned MLB Stats Dataset'!A11="Moneyball era", 'Cleaned MLB Stats Dataset'!AD11, NA()) -> 0.11419058
A12: =IF('Cleaned MLB Stats Dataset'!A204="Pre-Moneyball",'Cleaned MLB Stats Dataset'!AB204,NA()) -> 0.0086097561 | B12: =IF('Cleaned MLB Stats Dataset'!A204="Pre-Moneyball",'Cleaned MLB Stats Dataset'!AD204,NA()) -> 0.13665854 | C12: =IF('Cleaned MLB Stats Dataset'!A12="Moneyball era", 'Cleaned MLB Stats Dataset'!AB12, NA()) -> -0.012861925 | D12: =IF('Cleaned MLB Stats Dataset'!A12="Moneyball era", 'Cleaned MLB Stats Dataset'!AD12, NA()) -> 0.088736402
A13: =IF('Cleaned MLB Stats Dataset'!A205="Pre-Moneyball",'Cleaned MLB Stats Dataset'!AB205,NA()) -> -0.0011927195 | B13: =IF('Cleaned MLB Stats Dataset'!A205="Pre-Moneyball",'Cleaned MLB Stats Dataset'!AD205,NA()) -> 0.12702784 | C13: =IF('Cleaned MLB Stats Dataset'!A13="Moneyball era", 'Cleaned MLB Stats Dataset'!AB13, NA()) -> 0.025793867 | D13: =IF('Cleaned MLB Stats Dataset'!A13="Moneyball era", 'Cleaned MLB Stats Dataset'!AD13, NA()) -> 0.099555366
... A175: =IF('Cleaned MLB Stats Dataset'!A367="Pre-Moneyball",'Cleaned MLB Stats Dataset'!AB367,NA()) -> 0.011777778 | B175: =IF('Cleaned MLB Stats Dataset'!A367="Pre-Moneyball",'Cleaned MLB Stats Dataset'!AD367,NA()) -> -0.031111111 | C175: =IF('Cleaned MLB Stats Dataset'!A175="Moneyball era", 'Cleaned MLB Stats Dataset'!AB175, NA()) -> 0.065464789 | D175: =IF('Cleaned MLB Stats Dataset'!A175="Moneyball era", 'Cleaned MLB Stats Dataset'!AD175, NA()) -> 0.2404507
C176: =IF('Cleaned MLB Stats Dataset'!A176="Moneyball era", 'Cleaned MLB Stats Dataset'!AB176, NA()) -> 0.07045098 | D176: =IF('Cleaned MLB Stats Dataset'!A176="Moneyball era", 'Cleaned MLB Stats Dataset'!AD176, NA()) -> 0.065627451
C177: =IF('Cleaned MLB Stats Dataset'!A177="Moneyball era", 'Cleaned MLB Stats Dataset'!AB177, NA()) -> 0.01603937 | D177: =IF('Cleaned MLB Stats Dataset'!A177="Moneyball era", 'Cleaned MLB Stats Dataset'!AD177, NA()) -> -0.071370079
C178: =IF('Cleaned MLB Stats Dataset'!A178="Moneyball era", 'Cleaned MLB Stats Dataset'!AB178, NA()) -> 0.046495627 | D178: =IF('Cleaned MLB Stats Dataset'!A178="Moneyball era", 'Cleaned MLB Stats Dataset'!AD178, NA()) -> -0.029702624
C179: =IF('Cleaned MLB Stats Dataset'!A179="Moneyball era", 'Cleaned MLB Stats Dataset'!AB179, NA()) -> 0.046412574 | D179: =IF('Cleaned MLB Stats Dataset'!A179="Moneyball era", 'Cleaned MLB Stats Dataset'!AD179, NA()) -> 0.047548134
C180: =IF('Cleaned MLB Stats Dataset'!A180="Moneyball era", 'Cleaned MLB Stats Dataset'!AB180, NA()) -> 0.092870229 | D180: =IF('Cleaned MLB Stats Dataset'!A180="Moneyball era", 'Cleaned MLB Stats Dataset'!AD180, NA()) -> 0.23667176
C181: =IF('Cleaned MLB Stats Dataset'!A181="Moneyball era", 'Cleaned MLB Stats Dataset'!AB181, NA()) -> 0.10615909 | D181: =IF('Cleaned MLB Stats Dataset'!A181="Moneyball era", 'Cleaned MLB Stats Dataset'!AD181, NA()) -> 0.026545455
C182: =IF('Cleaned MLB Stats Dataset'!A182="Moneyball era", 'Cleaned MLB Stats Dataset'!AB182, NA()) -> 0.065861111 | D182: =IF('Cleaned MLB Stats Dataset'!A182="Moneyball era", 'Cleaned MLB Stats Dataset'!AD182, NA()) -> 0.18216667
C183: =IF('Cleaned MLB Stats Dataset'!A183="Moneyball era", 'Cleaned MLB Stats Dataset'!AB183, NA()) -> 0.066494037 | D183: =IF('Cleaned MLB Stats Dataset'!A183="Moneyball era", 'Cleaned MLB Stats Dataset'!AD183, NA()) -> 0.058408859
C184: =IF('Cleaned MLB Stats Dataset'!A184="Moneyball era", 'Cleaned MLB Stats Dataset'!AB184, NA()) -> 0.053307692 | D184: =IF('Cleaned MLB Stats Dataset'!A184="Moneyball era", 'Cleaned MLB Stats Dataset'!AD184, NA()) -> 0.14638462
C185: =IF('Cleaned MLB Stats Dataset'!A185="Moneyball era", 'Cleaned MLB Stats Dataset'!AB185, NA()) -> 0.064358209 | D185: =IF('Cleaned MLB Stats Dataset'!A185="Moneyball era", 'Cleaned MLB Stats Dataset'!AD185, NA()) -> 0.035492537
C186: =IF('Cleaned MLB Stats Dataset'!A186="Moneyball era", 'Cleaned MLB Stats Dataset'!AB186, NA()) -> 0.061841121 | D186: =IF('Cleaned MLB Stats Dataset'!A186="Moneyball era", 'Cleaned MLB Stats Dataset'!AD186, NA()) -> 0.23902804
C187: =IF('Cleaned MLB Stats Dataset'!A187="Moneyball era", 'Cleaned MLB Stats Dataset'!AB187, NA()) -> 0.065081081 | D187: =IF('Cleaned MLB Stats Dataset'!A187="Moneyball era", 'Cleaned MLB Stats Dataset'!AD187, NA()) -> 0.22909459
... C193: =IF('Cleaned MLB Stats Dataset'!A193="Moneyball era", 'Cleaned MLB Stats Dataset'!AB193, NA()) -> 0.072715503 | D193: =IF('Cleaned MLB Stats Dataset'!A193="Moneyball era", 'Cleaned MLB Stats Dataset'!AD193, NA()) -> 0.035262351

Sheet Chart4
A1: Walk % (Pre) | B1: Walk % (Money) | C1: Strikeout % (Pre) | D1: Strikeout % (Money)
A2: =(Cleaned_MLB_Stats_Dataset__1[[#This Row],[Walks]]+Cleaned_MLB_Stats_Dataset__1[[#This Row],[Hit By Pitch]])/(Cleaned_MLB_Stats_Dataset__1[[#This Row],[At Bats]]+Cleaned_MLB_Stats_Dataset__1[[#This Row],[Walks]]+Cleaned_MLB_Stats_Dataset__1[[#This Row],[Hit By Pitch]]) -> 0.15180723 | B2: =(Cleaned_MLB_Stats_Dataset__1[[#This Row],[Walks]]+Cleaned_MLB_Stats_Dataset__1[[#This Row],[Hit By Pitch]])/(Cleaned_MLB_Stats_Dataset__1[[#This Row],[At Bats]]+Cleaned_MLB_Stats_Dataset__1[[#This Row],[Walks]]+Cleaned_MLB_Stats_Dataset__1[[#This Row],[Hit By Pitch]]) -> 0.15180723 | C2: =Cleaned_MLB_Stats_Dataset__1[[#This Row],[Strikeouts]]/(Cleaned_MLB_Stats_Dataset__1[[#This Row],[At Bats]]+Cleaned_MLB_Stats_Dataset__1[[#This Row],[Walks]]) -> 0.30637255 | D2: =Cleaned_MLB_Stats_Dataset__1[[#This Row],[Strikeouts]]/(Cleaned_MLB_Stats_Dataset__1[[#This Row],[At Bats]]+Cleaned_MLB_Stats_Dataset__1[[#This Row],[Walks]]) -> 0.30637255
A3: =(Cleaned_MLB_Stats_Dataset__1[[#This Row],[Walks]]+Cleaned_MLB_Stats_Dataset__1[[#This Row],[Hit By Pitch]])/(Cleaned_MLB_Stats_Dataset__1[[#This Row],[At Bats]]+Cleaned_MLB_Stats_Dataset__1[[#This Row],[Walks]]+Cleaned_MLB_Stats_Dataset__1[[#This Row],[Hit By Pitch]]) -> 0.12312312 | B3: =(Cleaned_MLB_Stats_Dataset__1[[#This Row],[Walks]]+Cleaned_MLB_Stats_Dataset__1[[#This Row],[Hit By Pitch]])/(Cleaned_MLB_Stats_Dataset__1[[#This Row],[At Bats]]+Cleaned_MLB_Stats_Dataset__1[[#This Row],[Walks]]+Cleaned_MLB_Stats_Dataset__1[[#This Row],[Hit By Pitch]]) -> 0.12312312 | C3: =Cleaned_MLB_Stats_Dataset__1[[#This Row],[Strikeouts]]/(Cleaned_MLB_Stats_Dataset__1[[#This Row],[At Bats]]+Cleaned_MLB_Stats_Dataset__1[[#This Row],[Walks]]) -> 0.30335366 | D3: =Cleaned_MLB_Stats_Dataset__1[[#This Row],[Strikeouts]]/(Cleaned_MLB_Stats_Dataset__1[[#This Row],[At Bats]]+Cleaned_MLB_Stats_Dataset__1[[#This Row],[Walks]]) -> 0.30335366
A4: =(Cleaned_MLB_Stats_Dataset__1[[#This Row],[Walks]]+Cleaned_MLB_Stats_Dataset__1[[#This Row],[Hit By Pitch]])/(Cleaned_MLB_Stats_Dataset__1[[#This Row],[At Bats]]+Cleaned_MLB_Stats_Dataset__1[[#This Row],[Walks]]+Cleaned_MLB_Stats_Dataset__1[[#This Row],[Hit By Pitch]]) -> 0.1183432 | B4: =(Cleaned_MLB_Stats_Dataset__1[[#This Row],[Walks]]+Cleaned_MLB_Stats_Dataset__1[[#This Row],[Hit By Pitch]])/(Cleaned_MLB_Stats_Dataset__1[[#This Row],[At Bats]]+Cleaned_MLB_Stats_Dataset__1[[#This Row],[Walks]]+Cleaned_MLB_Stats_Dataset__1[[#This Row],[Hit By Pitch]]) -> 0.1183432 | C4: =Cleaned_MLB_Stats_Dataset__1[[#This Row],[Strikeouts]]/(Cleaned_MLB_Stats_Dataset__1[[#This Row],[At Bats]]+Cleaned_MLB_Stats_Dataset__1[[#This Row],[Walks]]) -> 0.29061103 | D4: =Cleaned_MLB_Stats_Dataset__1[[#This Row],[Strikeouts]]/(Cleaned_MLB_Stats_Dataset__1[[#This Row],[At Bats]]+Cleaned_MLB_Stats_Dataset__1[[#This Row],[Walks]]) -> 0.29061103
A5: =(Cleaned_MLB_Stats_Dataset__1[[#This Row],[Walks]]+Cleaned_MLB_Stats_Dataset__1[[#This Row],[Hit By Pitch]])/(Cleaned_MLB_Stats_Dataset__1[[#This Row],[At Bats]]+Cleaned_MLB_Stats_Dataset__1[[#This Row],[Walks]]+Cleaned_MLB_Stats_Dataset__1[[#This Row],[Hit By Pitch]]) -> 0.096997691 | B5: =(Cleaned_MLB_Stats_Dataset__1[[#This Row],[Walks]]+Cleaned_MLB_Stats_Dataset__1[[#This Row],[Hit By Pitch]])/(Cleaned_MLB_Stats_Dataset__1[[#This Row],[At Bats]]+Cleaned_MLB_Stats_Dataset__1[[#This Row],[Walks]]+Cleaned_MLB_Stats_Dataset__1[[#This Row],[Hit By Pitch]]) -> 0.096997691 | C5: =Cleaned_MLB_Stats_Dataset__1[[#This Row],[Strikeouts]]/(Cleaned_MLB_Stats_Dataset__1[[#This Row],[At Bats]]+Cleaned_MLB_Stats_Dataset__1[[#This Row],[Walks]]) -> 0.27314815 | D5: =Cleaned_MLB_Stats_Dataset__1[[#This Row],[Strikeouts]]/(Cleaned_MLB_Stats_Dataset__1[[#This Row],[At Bats]]+Cleaned_MLB_Stats_Dataset__1[[#This Row],[Walks]]) -> 0.27314815
A6: =(Cleaned_MLB_Stats_Dataset__1[[#This Row],[Walks]]+Cleaned_MLB_Stats_Dataset__1[[#This Row],[Hit By Pitch]])/(Cleaned_MLB_Stats_Dataset__1[[#This Row],[At Bats]]+Cleaned_MLB_Stats_Dataset__1[[#This Row],[Walks]]+Cleaned_MLB_Stats_Dataset__1[[#This Row],[Hit By Pitch]]) -> 0.16586922 | B6: =(Cleaned_MLB_Stats_Dataset__1[[#This Row],[Walks]]+Cleaned_MLB_Stats_Dataset__1[[#This Row],[Hit By Pitch]])/(Cleaned_MLB_Stats_Dataset__1[[#This Row],[At Bats]]+Cleaned_MLB_Stats_Dataset__1[[#This Row],[Walks]]+Cleaned_MLB_Stats_Dataset__1[[#This Row],[Hit By Pitch]]) -> 0.16586922 | C6: =Cleaned_MLB_Stats_Dataset__1[[#This Row],[Strikeouts]]/(Cleaned_MLB_Stats_Dataset__1[[#This Row],[At Bats]]+Cleaned_MLB_Stats_Dataset__1[[#This Row],[Walks]]) -> 0.27228525 | D6: =Cleaned_MLB_Stats_Dataset__1[[#This Row],[Strikeouts]]/(Cleaned_MLB_Stats_Dataset__1[[#This Row],[At Bats]]+Cleaned_MLB_Stats_Dataset__1[[#This Row],[Walks]]) -> 0.27228525
A7: =(Cleaned_MLB_Stats_Dataset__1[[#This Row],[Walks]]+Cleaned_MLB_Stats_Dataset__1[[#This Row],[Hit By Pitch]])/(Cleaned_MLB_Stats_Dataset__1[[#This Row],[At Bats]]+Cleaned_MLB_Stats_Dataset__1[[#This Row],[Walks]]+Cleaned_MLB_Stats_Dataset__1[[#This Row],[Hit By Pitch]]) -> 0.10366826 | B7: =(Cleaned_MLB_Stats_Dataset__1[[#This Row],[Walks]]+Cleaned_MLB_Stats_Dataset__1[[#This Row],[Hit By Pitch]])/(Cleaned_MLB_Stats_Dataset__1[[#This Row],[At Bats]]+Cleaned_MLB_Stats_Dataset__1[[#This Row],[Walks]]+Cleaned_MLB_Stats_Dataset__1[[#This Row],[Hit By Pitch]]) -> 0.10366826 | C7: =Cleaned_MLB_Stats_Dataset__1[[#This Row],[Strikeouts]]/(Cleaned_MLB_Stats_Dataset__1[[#This Row],[At Bats]]+Cleaned_MLB_Stats_Dataset__1[[#This Row],[Walks]]) -> 0.26045016 | D7: =Cleaned_MLB_Stats_Dataset__1[[#This Row],[Strikeouts]]/(Cleaned_MLB_Stats_Dataset__1[[#This Row],[At Bats]]+Cleaned_MLB_Stats_Dataset__1[[#This Row],[Walks]]) -> 0.26045016
A8: =(Cleaned_MLB_Stats_Dataset__1[[#This Row],[Walks]]+Cleaned_MLB_Stats_Dataset__1[[#This Row],[Hit By Pitch]])/(Cleaned_MLB_Stats_Dataset__1[[#This Row],[At Bats]]+Cleaned_MLB_Stats_Dataset__1[[#This Row],[Walks]]+Cleaned_MLB_Stats_Dataset__1[[#This Row],[Hit By Pitch]]) -> 0.16246057 | B8: =(Cleaned_MLB_Stats_Dataset__1[[#This Row],[Walks]]+Cleaned_MLB_Stats_Dataset__1[[#This Row],[Hit By Pitch]])/(Cleaned_MLB_Stats_Dataset__1[[#This Row],[At Bats]]+Cleaned_MLB_Stats_Dataset__1[[#This Row],[Walks]]+Cleaned_MLB_Stats_Dataset__1[[#This Row],[Hit By Pitch]]) -> 0.16246057 | C8: =Cleaned_MLB_Stats_Dataset__1[[#This Row],[Strikeouts]]/(Cleaned_MLB_Stats_Dataset__1[[#This Row],[At Bats]]+Cleaned_MLB_Stats_Dataset__1[[#This Row],[Walks]]) -> 0.2592 | D8: =Cleaned_MLB_Stats_Dataset__1[[#This Row],[Strikeouts]]/(Cleaned_MLB_Stats_Dataset__1[[#This Row],[At Bats]]+Cleaned_MLB_Stats_Dataset__1[[#This Row],[Walks]]) -> 0.2592
A9: =(Cleaned_MLB_Stats_Dataset__1[[#This Row],[Walks]]+Cleaned_MLB_Stats_Dataset__1[[#This Row],[Hit By Pitch]])/(Cleaned_MLB_Stats_Dataset__1[[#This Row],[At Bats]]+Cleaned_MLB_Stats_Dataset__1[[#This Row],[Walks]]+Cleaned_MLB_Stats_Dataset__1[[#This Row],[Hit By Pitch]]) -> 0.10858995 | B9: =(Cleaned_MLB_Stats_Dataset__1[[#This Row],[Walks]]+Cleaned_MLB_Stats_Dataset__1[[#This Row],[Hit By Pitch]])/(Cleaned_MLB_Stats_Dataset__1[[#This Row],[At Bats]]+Cleaned_MLB_Stats_Dataset__1[[#This Row],[Walks]]+Cleaned_MLB_Stats_Dataset__1[[#This Row],[Hit By Pitch]]) -> 0.10858995 | C9: =Cleaned_MLB_Stats_Dataset__1[[#This Row],[Strikeouts]]/(Cleaned_MLB_Stats_Dataset__1[[#This Row],[At Bats]]+Cleaned_MLB_Stats_Dataset__1[[#This Row],[Walks]]) -> 0.25779967 | D9: =Cleaned_MLB_Stats_Dataset__1[[#This Row],[Strikeouts]]/(Cleaned_MLB_Stats_Dataset__1[[#This Row],[At Bats]]+Cleaned_MLB_Stats_Dataset__1[[#This Row],[Walks]]) -> 0.25779967
A10: =(Cleaned_MLB_Stats_Dataset__1[[#This Row],[Walks]]+Cleaned_MLB_Stats_Dataset__1[[#This Row],[Hit By Pitch]])/(Cleaned_MLB_Stats_Dataset__1[[#This Row],[At Bats]]+Cleaned_MLB_Stats_Dataset__1[[#This Row],[Walks]]+Cleaned_MLB_Stats_Dataset__1[[#This Row],[Hit By Pitch]]) -> 0.14264706 | B10: =(Cleaned_MLB_Stats_Dataset__1[[#This Row],[Walks]]+Cleaned_MLB_Stats_Dataset__1[[#This Row],[Hit By Pitch]])/(Cleaned_MLB_Stats_Dataset__1[[#This Row],[At Bats]]+Cleaned_MLB_Stats_Dataset__1[[#This Row],[Walks]]+Cleaned_MLB_Stats_Dataset__1[[#This Row],[Hit By Pitch]]) -> 0.14264706 | C10: =Cleaned_MLB_Stats_Dataset__1[[#This Row],[Strikeouts]]/(Cleaned_MLB_Stats_Dataset__1[[#This Row],[At Bats]]+Cleaned_MLB_Stats_Dataset__1[[#This Row],[Walks]]) -> 0.25299401 | D10: =Cleaned_MLB_Stats_Dataset__1[[#This Row],[Strikeouts]]/(Cleaned_MLB_Stats_Dataset__1[[#This Row],[At Bats]]+Cleaned_MLB_Stats_Dataset__1[[#This Row],[Walks]]) -> 0.25299401
A11: =(Cleaned_MLB_Stats_Dataset__1[[#This Row],[Walks]]+Cleaned_MLB_Stats_Dataset__1[[#This Row],[Hit By Pitch]])/(Cleaned_MLB_Stats_Dataset__1[[#This Row],[At Bats]]+Cleaned_MLB_Stats_Dataset__1[[#This Row],[Walks]]+Cleaned_MLB_Stats_Dataset__1[[#This Row],[Hit By Pitch]]) -> 0.16903915 | B11: =(Cleaned_MLB_Stats_Dataset__1[[#This Row],[Walks]]+Cleaned_MLB_Stats_Dataset__1[[#This Row],[Hit By Pitch]])/(Cleaned_MLB_Stats_Dataset__1[[#This Row],[At Bats]]+Cleaned_MLB_Stats_Dataset__1[[#This Row],[Walks]]+Cleaned_MLB_Stats_Dataset__1[[#This Row],[Hit By Pitch]]) -> 0.16903915 | C11: =Cleaned_MLB_Stats_Dataset__1[[#This Row],[Strikeouts]]/(Cleaned_MLB_Stats_Dataset__1[[#This Row],[At Bats]]+Cleaned_MLB_Stats_Dataset__1[[#This Row],[Walks]]) -> 0.24910394 | D11: =Cleaned_MLB_Stats_Dataset__1[[#This Row],[Strikeouts]]/(Cleaned_MLB_Stats_Dataset__1[[#This Row],[At Bats]]+Cleaned_MLB_Stats_Dataset__1[[#This Row],[Walks]]) -> 0.24910394
A12: =(Cleaned_MLB_Stats_Dataset__1[[#This Row],[Walks]]+Cleaned_MLB_Stats_Dataset__1[[#This Row],[Hit By Pitch]])/(Cleaned_MLB_Stats_Dataset__1[[#This Row],[At Bats]]+Cleaned_MLB_Stats_Dataset__1[[#This Row],[Walks]]+Cleaned_MLB_Stats_Dataset__1[[#This Row],[Hit By Pitch]]) -> 0.10820896 | B12: =(Cleaned_MLB_Stats_Dataset__1[[#This Row],[Walks]]+Cleaned_MLB_Stats_Dataset__1[[#This Row],[Hit By Pitch]])/(Cleaned_MLB_Stats_Dataset__1[[#This Row],[At Bats]]+Cleaned_MLB_Stats_Dataset__1[[#This Row],[Walks]]+Cleaned_MLB_Stats_Dataset__1[[#This Row],[Hit By Pitch]]) -> 0.10820896 | C12: =Cleaned_MLB_Stats_Dataset__1[[#This Row],[Strikeouts]]/(Cleaned_MLB_Stats_Dataset__1[[#This Row],[At Bats]]+Cleaned_MLB_Stats_Dataset__1[[#This Row],[Walks]]) -> 0.24906367 | D12: =Cleaned_MLB_Stats_Dataset__1[[#This Row],[Strikeouts]]/(Cleaned_MLB_Stats_Dataset__1[[#This Row],[At Bats]]+Cleaned_MLB_Stats_Dataset__1[[#This Row],[Walks]]) -> 0.24906367
A13: =(Cleaned_MLB_Stats_Dataset__1[[#This Row],[Walks]]+Cleaned_MLB_Stats_Dataset__1[[#This Row],[Hit By Pitch]])/(Cleaned_MLB_Stats_Dataset__1[[#This Row],[At Bats]]+Cleaned_MLB_Stats_Dataset__1[[#This Row],[Walks]]+Cleaned_MLB_Stats_Dataset__1[[#This Row],[Hit By Pitch]]) -> 0.10790274 | B13: =(Cleaned_MLB_Stats_Dataset__1[[#This Row],[Walks]]+Cleaned_MLB_Stats_Dataset__1[[#This Row],[Hit By Pitch]])/(Cleaned_MLB_Stats_Dataset__1[[#This Row],[At Bats]]+Cleaned_MLB_Stats_Dataset__1[[#This Row],[Walks]]+Cleaned_MLB_Stats_Dataset__1[[#This Row],[Hit By Pitch]]) -> 0.10790274 | C13: =Cleaned_MLB_Stats_Dataset__1[[#This Row],[Strikeouts]]/(Cleaned_MLB_Stats_Dataset__1[[#This Row],[At Bats]]+Cleaned_MLB_Stats_Dataset__1[[#This Row],[Walks]]) -> 0.24542683 | D13: =Cleaned_MLB_Stats_Dataset__1[[#This Row],[Strikeouts]]/(Cleaned_MLB_Stats_Dataset__1[[#This Row],[At Bats]]+Cleaned_MLB_Stats_Dataset__1[[#This Row],[Walks]]) -> 0.24542683
... A175: =(Cleaned_MLB_Stats_Dataset__1[[#This Row],[Walks]]+Cleaned_MLB_Stats_Dataset__1[[#This Row],[Hit By Pitch]])/(Cleaned_MLB_Stats_Dataset__1[[#This Row],[At Bats]]+Cleaned_MLB_Stats_Dataset__1[[#This Row],[Walks]]+Cleaned_MLB_Stats_Dataset__1[[#This Row],[Hit By Pitch]]) -> 0.17919075 | B175: =(Cleaned_MLB_Stats_Dataset__1[[#This Row],[Walks]]+Cleaned_MLB_Stats_Dataset__1[[#This Row],[Hit By Pitch]])/(Cleaned_MLB_Stats_Dataset__1[[#This Row],[At Bats]]+Cleaned_MLB_Stats_Dataset__1[[#This Row],[Walks]]+Cleaned_MLB_Stats_Dataset__1[[#This Row],[Hit By Pitch]]) -> 0.17919075 | C175: =Cleaned_MLB_Stats_Dataset__1[[#This Row],[Strikeouts]]/(Cleaned_MLB_Stats_Dataset__1[[#This Row],[At Bats]]+Cleaned_MLB_Stats_Dataset__1[[#This Row],[Walks]]) -> 0.093704246 | D175: =Cleaned_MLB_Stats_Dataset__1[[#This Row],[Strikeouts]]/(Cleaned_MLB_Stats_Dataset__1[[#This Row],[At Bats]]+Cleaned_MLB_Stats_Dataset__1[[#This Row],[Walks]]) -> 0.093704246
B176: =(Cleaned_MLB_Stats_Dataset__1[[#This Row],[Walks]]+Cleaned_MLB_Stats_Dataset__1[[#This Row],[Hit By Pitch]])/(Cleaned_MLB_Stats_Dataset__1[[#This Row],[At Bats]]+Cleaned_MLB_Stats_Dataset__1[[#This Row],[Walks]]+Cleaned_MLB_Stats_Dataset__1[[#This Row],[Hit By Pitch]]) -> 0.11764706 | D176: =Cleaned_MLB_Stats_Dataset__1[[#This Row],[Strikeouts]]/(Cleaned_MLB_Stats_Dataset__1[[#This Row],[At Bats]]+Cleaned_MLB_Stats_Dataset__1[[#This Row],[Walks]]) -> 0.092173913
B177: =(Cleaned_MLB_Stats_Dataset__1[[#This Row],[Walks]]+Cleaned_MLB_Stats_Dataset__1[[#This Row],[Hit By Pitch]])/(Cleaned_MLB_Stats_Dataset__1[[#This Row],[At Bats]]+Cleaned_MLB_Stats_Dataset__1[[#This Row],[Walks]]+Cleaned_MLB_Stats_Dataset__1[[#This Row],[Hit By Pitch]]) -> 0.087643678 | D177: =Cleaned_MLB_Stats_Dataset__1[[#This Row],[Strikeouts]]/(Cleaned_MLB_Stats_Dataset__1[[#This Row],[At Bats]]+Cleaned_MLB_Stats_Dataset__1[[#This Row],[Walks]]) -> 0.092105263
B178: =(Cleaned_MLB_Stats_Dataset__1[[#This Row],[Walks]]+Cleaned_MLB_Stats_Dataset__1[[#This Row],[Hit By Pitch]])/(Cleaned_MLB_Stats_Dataset__1[[#This Row],[At Bats]]+Cleaned_MLB_Stats_Dataset__1[[#This Row],[Walks]]+Cleaned_MLB_Stats_Dataset__1[[#This Row],[Hit By Pitch]]) -> 0.075471698 | D178: =Cleaned_MLB_Stats_Dataset__1[[#This Row],[Strikeouts]]/(Cleaned_MLB_Stats_Dataset__1[[#This Row],[At Bats]]+Cleaned_MLB_Stats_Dataset__1[[#This Row],[Walks]]) -> 0.088195387
B179: =(Cleaned_MLB_Stats_Dataset__1[[#This Row],[Walks]]+Cleaned_MLB_Stats_Dataset__1[[#This Row],[Hit By Pitch]])/(Cleaned_MLB_Stats_Dataset__1[[#This Row],[At Bats]]+Cleaned_MLB_Stats_Dataset__1[[#This Row],[Walks]]+Cleaned_MLB_Stats_Dataset__1[[#This Row],[Hit By Pitch]]) -> 0.12991453 | D179: =Cleaned_MLB_Stats_Dataset__1[[#This Row],[Strikeouts]]/(Cleaned_MLB_Stats_Dataset__1[[#This Row],[At Bats]]+Cleaned_MLB_Stats_Dataset__1[[#This Row],[Walks]]) -> 0.08650519
B180: =(Cleaned_MLB_Stats_Dataset__1[[#This Row],[Walks]]+Cleaned_MLB_Stats_Dataset__1[[#This Row],[Hit By Pitch]])/(Cleaned_MLB_Stats_Dataset__1[[#This Row],[At Bats]]+Cleaned_MLB_Stats_Dataset__1[[#This Row],[Walks]]+Cleaned_MLB_Stats_Dataset__1[[#This Row],[Hit By Pitch]]) -> 0.17219589 | D180: =Cleaned_MLB_Stats_Dataset__1[[#This Row],[Strikeouts]]/(Cleaned_MLB_Stats_Dataset__1[[#This Row],[At Bats]]+Cleaned_MLB_Stats_Dataset__1[[#This Row],[Walks]]) -> 0.085987261
B181: =(Cleaned_MLB_Stats_Dataset__1[[#This Row],[Walks]]+Cleaned_MLB_Stats_Dataset__1[[#This Row],[Hit By Pitch]])/(Cleaned_MLB_Stats_Dataset__1[[#This Row],[At Bats]]+Cleaned_MLB_Stats_Dataset__1[[#This Row],[Walks]]+Cleaned_MLB_Stats_Dataset__1[[#This Row],[Hit By Pitch]]) -> 0.07001321 | D181: =Cleaned_MLB_Stats_Dataset__1[[#This Row],[Strikeouts]]/(Cleaned_MLB_Stats_Dataset__1[[#This Row],[At Bats]]+Cleaned_MLB_Stats_Dataset__1[[#This Row],[Walks]]) -> 0.083665339
B182: =(Cleaned_MLB_Stats_Dataset__1[[#This Row],[Walks]]+Cleaned_MLB_Stats_Dataset__1[[#This Row],[Hit By Pitch]])/(Cleaned_MLB_Stats_Dataset__1[[#This Row],[At Bats]]+Cleaned_MLB_Stats_Dataset__1[[#This Row],[Walks]]+Cleaned_MLB_Stats_Dataset__1[[#This Row],[Hit By Pitch]]) -> 0.14029851 | D182: =Cleaned_MLB_Stats_Dataset__1[[#This Row],[Strikeouts]]/(Cleaned_MLB_Stats_Dataset__1[[#This Row],[At Bats]]+Cleaned_MLB_Stats_Dataset__1[[#This Row],[Walks]]) -> 0.083081571
B183: =(Cleaned_MLB_Stats_Dataset__1[[#This Row],[Walks]]+Cleaned_MLB_Stats_Dataset__1[[#This Row],[Hit By Pitch]])/(Cleaned_MLB_Stats_Dataset__1[[#This Row],[At Bats]]+Cleaned_MLB_Stats_Dataset__1[[#This Row],[Walks]]+Cleaned_MLB_Stats_Dataset__1[[#This Row],[Hit By Pitch]]) -> 0.10107198 | D183: =Cleaned_MLB_Stats_Dataset__1[[#This Row],[Strikeouts]]/(Cleaned_MLB_Stats_Dataset__1[[#This Row],[At Bats]]+Cleaned_MLB_Stats_Dataset__1[[#This Row],[Walks]]) -> 0.082822086
B184: =(Cleaned_MLB_Stats_Dataset__1[[#This Row],[Walks]]+Cleaned_MLB_Stats_Dataset__1[[#This Row],[Hit By Pitch]])/(Cleaned_MLB_Stats_Dataset__1[[#This Row],[At Bats]]+Cleaned_MLB_Stats_Dataset__1[[#This Row],[Walks]]+Cleaned_MLB_Stats_Dataset__1[[#This Row],[Hit By Pitch]]) -> 0.11714771 | D184: =Cleaned_MLB_Stats_Dataset__1[[#This Row],[Strikeouts]]/(Cleaned_MLB_Stats_Dataset__1[[#This Row],[At Bats]]+Cleaned_MLB_Stats_Dataset__1[[#This Row],[Walks]]) -> 0.082616179
B185: =(Cleaned_MLB_Stats_Dataset__1[[#This Row],[Walks]]+Cleaned_MLB_Stats_Dataset__1[[#This Row],[Hit By Pitch]])/(Cleaned_MLB_Stats_Dataset__1[[#This Row],[At Bats]]+Cleaned_MLB_Stats_Dataset__1[[#This Row],[Walks]]+Cleaned_MLB_Stats_Dataset__1[[#This Row],[Hit By Pitch]]) -> 0.13687601 | D185: =Cleaned_MLB_Stats_Dataset__1[[#This Row],[Strikeouts]]/(Cleaned_MLB_Stats_Dataset__1[[#This Row],[At Bats]]+Cleaned_MLB_Stats_Dataset__1[[#This Row],[Walks]]) -> 0.080645161
B186: =(Cleaned_MLB_Stats_Dataset__1[[#This Row],[Walks]]+Cleaned_MLB_Stats_Dataset__1[[#This Row],[Hit By Pitch]])/(Cleaned_MLB_Stats_Dataset__1[[#This Row],[At Bats]]+Cleaned_MLB_Stats_Dataset__1[[#This Row],[Walks]]+Cleaned_MLB_Stats_Dataset__1[[#This Row],[Hit By Pitch]]) -> 0.15213946 | D186: =Cleaned_MLB_Stats_Dataset__1[[#This Row],[Strikeouts]]/(Cleaned_MLB_Stats_Dataset__1[[#This Row],[At Bats]]+Cleaned_MLB_Stats_Dataset__1[[#This Row],[Walks]]) -> 0.079744817
B187: =(Cleaned_MLB_Stats_Dataset__1[[#This Row],[Walks]]+Cleaned_MLB_Stats_Dataset__1[[#This Row],[Hit By Pitch]])/(Cleaned_MLB_Stats_Dataset__1[[#This Row],[At Bats]]+Cleaned_MLB_Stats_Dataset__1[[#This Row],[Walks]]+Cleaned_MLB_Stats_Dataset__1[[#This Row],[Hit By Pitch]]) -> 0.13323572 | D187: =Cleaned_MLB_Stats_Dataset__1[[#This Row],[Strikeouts]]/(Cleaned_MLB_Stats_Dataset__1[[#This Row],[At Bats]]+Cleaned_MLB_Stats_Dataset__1[[#This Row],[Walks]]) -> 0.076923077
... B193: =(Cleaned_MLB_Stats_Dataset__1[[#This Row],[Walks]]+Cleaned_MLB_Stats_Dataset__1[[#This Row],[Hit By Pitch]])/(Cleaned_MLB_Stats_Dataset__1[[#This Row],[At Bats]]+Cleaned_MLB_Stats_Dataset__1[[#This Row],[Walks]]+Cleaned_MLB_Stats_Dataset__1[[#This Row],[Hit By Pitch]]) -> 0.075590551 | D193: =Cleaned_MLB_Stats_Dataset__1[[#This Row],[Strikeouts]]/(Cleaned_MLB_Stats_Dataset__1[[#This Row],[At Bats]]+Cleaned_MLB_Stats_Dataset__1[[#This Row],[Walks]]) -> 0.048076923

Sheet Main Charts
B1: The Moneyball Era and Advanced Statistics Impact on All-Star Selection
